id_source,objet,acheteur,departements,date_parution,date_limite_reponse,type_marche,categorie,mots_cles_trouves,score_pertinence,url_avis,source,horodatage_ingestion
26-88270,Travaux ponctuels d'entretien et de restauration de cours d'eau et d'ouvrages hydrauliques sur le territoire de la Métropole de Lyon - 2 lots,Métropole de Lyon,69,2026-09-11,,TRAVAUX,"Ouvrage hydraulique, Rivières/ruisseaux, Espaces verts",travaux,1,https://www.boamp.fr/pages/avis/?q=idweb:26-88270,boamp,2026-09-11T20:38:43
26-88238,Travaux de réfection de la protection anticorrosion et du revêtement de surface du Pont de Baliri,Commune de Corte,"20B,20A",2026-09-11,2026-10-19,TRAVAUX,Ouvrage d'art,"réfection, travaux",2,https://www.boamp.fr/pages/avis/?q=idweb:26-88238,boamp,2026-09-11T20:38:43
26-88200,"Travaux d'espaces extérieurs dans le cadre de l'opération de restructuration de la crèche Bossuet, Paris 10ème",VILLE de PARIS - DFA - SDA,75,2026-09-11,,TRAVAUX,Espaces verts,travaux,1,https://www.boamp.fr/pages/avis/?q=idweb:26-88200,boamp,2026-09-11T20:38:43
26-87664,Travaux de réorganisation des urgences adultes et pédiatriques avec une extension pour le SMUR au CH de Roubaix - Relance,CHU de Lille - ES du GHT HPGL,59,2026-09-11,2026-11-04,TRAVAUX,Gros oeuvre,"extension, gros œuvre, travaux",4,https://www.boamp.fr/pages/avis/?q=idweb:26-87664,boamp,2026-09-11T20:38:43
26-88430,Réhabilitation et rénovation énergétique globale des vestiaires du Stade Frédéric Abatte - La Calade,Mairie De Vedene,84,2026-09-11,,TRAVAUX,Bâtiment,"bâtiment, réhabilitation, rénovation",4,https://www.boamp.fr/pages/avis/?q=idweb:26-88430,boamp,2026-09-11T20:38:43
26-88439,"Gn26p012 - Accord-Cadre Pour Travaux Divers Sur Le Territoire Du Grand Narbonne Travaux De Pose De Clotures, Portails Et Equipements Exterieurs",Communauté d'agglomération du Grand Narbonne,11,2026-09-11,2026-10-12,TRAVAUX,"Clôture, Eclairage public, Glissières de sécurité, Terrassement, Voirie","terrassement, travaux, voirie",4,https://www.boamp.fr/pages/avis/?q=idweb:26-88439,boamp,2026-09-11T20:38:43
26-88377,Rénovation d'un maison de garde pour le Centre Hospitalier de Dunkerque - Hôpital Alexandra Lepève,Centre Hospitalier De Dunkerque,59,2026-09-11,,TRAVAUX,"Gros oeuvre, Electricité (travaux), Plomberie (travaux), Menuiserie, Revêtements de sols","gros œuvre, menuiserie, plomberie, rénovation, travaux, électricité",7,https://www.boamp.fr/pages/avis/?q=idweb:26-88377,boamp,2026-09-11T20:38:43
26-88412,RECONSTRUCTION DE L’ABRI FORESTIER de la Tourbière-.,Commune de BERTRICHAMPS,"54,88,55,57,67,68",2026-09-11,2026-10-05,TRAVAUX,Tous corps d'état,construction,1,https://www.boamp.fr/pages/avis/?q=idweb:26-88412,boamp,2026-09-11T20:38:43
26-88427,CONSTRUCTION DU PALAIS DES SPORTS SUR LE SITE DE LA MEILLERAIE A CHOLET - Lots n°4 ; 9 ; 11 ; 12 ; 13 ; 14 ; 15 ; 16 ; 17 ; 18 ; 22 ; 24 ; 25 ; 26 - Procédure adaptée,Cholet Agglomération,"44,49,85",2026-09-11,2026-10-30,TRAVAUX,"Peinture (travaux), Signalétique","construction, travaux",3,https://www.boamp.fr/pages/avis/?q=idweb:26-88427,boamp,2026-09-11T20:38:43
26-88135,Refection De Toiture Foyer La Calade,Mairie d'Agde,34,2026-09-11,,TRAVAUX,"Couverture, Amiante (désamiantage)","couverture, réfection, toiture",4,https://www.boamp.fr/pages/avis/?q=idweb:26-88135,boamp,2026-09-11T20:38:43
26-88134,Travaux pour une mutation vers la technologie à diodes électroluminescentes pour le renouvellement partiel des installations d'éclairage public et de leurs accessoires de la Communauté Alès Agglomé...,Alès Agglomération,30,2026-09-11,2026-10-09,TRAVAUX,Eclairage public,travaux,1,https://www.boamp.fr/pages/avis/?q=idweb:26-88134,boamp,2026-09-11T20:38:43
26-88325,"Travaux de retrait, d'évacuation et de stockage des matériaux des structures de chaussées contenant de l'amiante",Eurométropole de Strasbourg,67,2026-09-11,2026-10-20,TRAVAUX,"Amiante, Amiante (désamiantage)",travaux,1,https://www.boamp.fr/pages/avis/?q=idweb:26-88325,boamp,2026-09-11T20:38:43
26-88333,Travaux AMENAGEMENT DE CUISINES,ASSEMBLEE NATIONALE,75,2026-09-11,2026-10-09,TRAVAUX,Cuisine (équipement),"aménagement, travaux",2,https://www.boamp.fr/pages/avis/?q=idweb:26-88333,boamp,2026-09-11T20:38:43
26-88502,Travaux de comblement et de confortement de galeries situées dans le Bassin Ferrifère Lorrain Commune d'Algrange (57440),Bureau de Recherche en Géologie Minière (Brgm),"57,66,67,54,55,88,51,90",2026-09-11,2026-10-12,TRAVAUX,"Terrassement, Génie civil","génie civil, terrassement, travaux",4,https://www.boamp.fr/pages/avis/?q=idweb:26-88502,boamp,2026-09-11T20:38:43
26-88262,Prestations De Debroussaillement Realises Dans Le Cadre Des Obligations Legales De Debroussaillement,Communauté d'agglomération du Grand Narbonne,11,2026-09-11,2026-10-12,TRAVAUX,Espaces verts,,0,https://www.boamp.fr/pages/avis/?q=idweb:26-88262,boamp,2026-09-11T20:38:43
26-88148,Travaux de clôtures et pare-ballons du stade de Desbassyns - Commune de Sainte-Marie,Commune de Sainte-Marie de la Réunion,974,2026-09-11,2026-09-29,TRAVAUX,Clôture,travaux,1,https://www.boamp.fr/pages/avis/?q=idweb:26-88148,boamp,2026-09-11T20:38:43
26-87483,Marché global de performance pour la restructuration du Centre de Culture Mutualisé du Haillan,Bordeaux Métropole,33,2026-09-11,,TRAVAUX,"Bâtiment, Maintenance, Serre",bâtiment,2,https://www.boamp.fr/pages/avis/?q=idweb:26-87483,boamp,2026-09-11T20:38:43
26-87575,PROJET 01 RELOCALISATION DE LA SSPI ET DU BLOC ENDOSCOPIE DU CENTRE HOSPITALIER INTERCOMMUNAL DE VILLENEUVE-SAINT-GEORGES - LOT 04A CHAUFFAGE VENTILATION CLIMATISATION DESENFUMAGE,CHI CRETEIL,94,2026-09-11,2026-10-19,TRAVAUX,"Climatisation, Ventilation, Chauffage (travaux)",travaux,2,https://www.boamp.fr/pages/avis/?q=idweb:26-87575,boamp,2026-09-11T20:38:43
26-88088,Travaux de mise en place d'un nouveau duc d'Albe d'amarrage au droit du poste UB3,GRAND PORT MARITIME DE NANTES ST-NAZAIRE,44,2026-09-11,,TRAVAUX,Génie civil,"génie civil, travaux",3,https://www.boamp.fr/pages/avis/?q=idweb:26-88088,boamp,2026-09-11T20:38:43
26-88224,Mise en place d’une GTB pour trois bâtiments publics : 2 lots (Givrand et Pouzauges),Syndicat Départemental d'Energie et d'Equipement de la Vendée (85),85,2026-09-11,2026-10-12,TRAVAUX,"Equipements spécialisés, Informatique (matériel), Automatisation",bâtiment,1,https://www.boamp.fr/pages/avis/?q=idweb:26-88224,boamp,2026-09-11T20:38:43
26-88288,Production frigorifique au CO2,Ville de Châtellerault (86),86,2026-09-11,2026-10-12,TRAVAUX,Equipements spécialisés,,0,https://www.boamp.fr/pages/avis/?q=idweb:26-88288,boamp,2026-09-11T20:38:43
26-88290,Salon de Provence - BA701 - Rénovation de la centrale électrique de secours,SID Sud-Est,13,2026-09-11,2026-10-12,TRAVAUX,Electricité (travaux),"rénovation, travaux, électricité",4,https://www.boamp.fr/pages/avis/?q=idweb:26-88290,boamp,2026-09-11T20:38:43
26-88342,Transformation de locaux PMI en 2 logements,Le Logement Familial de l'Eure (27),27,2026-09-11,2026-10-05,TRAVAUX,Tous corps d'état,,0,https://www.boamp.fr/pages/avis/?q=idweb:26-88342,boamp,2026-09-11T20:38:43
26-88360,"Accords-cadres à bons de commande en 2 lots de travaux de serrurerie, pose et dépose de portes et autres dispositifs anti-intrusion en location pour le compte de la Maire de Paris et du Préfet de Poli",VILLE de PARIS - DFA - SDA,75,2026-09-11,,TRAVAUX,"Matériel de sécurité, Menuiserie, Serrurerie","menuiserie, travaux",3,https://www.boamp.fr/pages/avis/?q=idweb:26-88360,boamp,2026-09-11T20:38:43
26-88470,Rénovation énergétique du Centre Universitaire Départemental (CUD) de la Roche-sur-Yon (85),RECTORAT DE L'ACADEMIE DE NANTES,"17,37,44,49,53,72,75,85",2026-09-11,,TRAVAUX,"Amiante (désamiantage), Bardage, Bâtiment, Chauffage (travaux), Démolition, Electricité (travaux), Etanchéité, Isolation, Menuiserie, Peinture (travaux), Revêtements de sols","bâtiment, démolition, isolation, menuiserie, rénovation, travaux, électricité, étanchéité",9,https://www.boamp.fr/pages/avis/?q=idweb:26-88470,boamp,2026-09-11T20:38:43
26-88351,TRAVAUX DE RENOVATION ENERGETIQUE DES CENTRALES DE TRAITEMENT D'AIR AU CENTRE AQUATIQUE DU MOUSTOIR - LORIENT,COMMUNE DE LORIENT,56,2026-09-11,2026-10-14,TRAVAUX,Chauffage (travaux),"rénovation, travaux",3,https://www.boamp.fr/pages/avis/?q=idweb:26-88351,boamp,2026-09-11T20:38:43
26-88358,Travaux de restauration du soubassement et des bas-reliefs de la statue équestre du Duc d'Orléans à Neuilly-sur-Seine,Ville de Neuilly-sur-Seine,"92,75",2026-09-11,2026-10-13,TRAVAUX,Monuments historiques,travaux,1,https://www.boamp.fr/pages/avis/?q=idweb:26-88358,boamp,2026-09-11T20:38:43
26-88383,REMPLACEMENT DES MENUISERIES EXTERIEURES ET TRAVAUX ANNEXES DE 8 LOGEMENTS ET CASERNE GENDARMERIE DE MOREUIL (80),CCALN,80,2026-09-11,2026-10-12,TRAVAUX,Menuiserie,"menuiserie, travaux",3,https://www.boamp.fr/pages/avis/?q=idweb:26-88383,boamp,2026-09-11T20:38:43
26-88397,Marché de travaux relatif à UPS190-Bâtiment 109-IJCLab-Rénovation de la sous-station et du réseau de distribution de chauffage,CNRS - IFSEM,"91,92,93,94,78",2026-09-11,2026-10-12,TRAVAUX,"Chauffage (travaux), Chauffage (matériel)","bâtiment, rénovation, réseau, travaux",5,https://www.boamp.fr/pages/avis/?q=idweb:26-88397,boamp,2026-09-11T20:38:43
26-88408,Aménagement de deux lotissements à Trouy Nord,Ville de Trouy,18,2026-09-11,2026-10-08,TRAVAUX,Gros oeuvre,"aménagement, gros œuvre",3,https://www.boamp.fr/pages/avis/?q=idweb:26-88408,boamp,2026-09-11T20:38:43
26-88483,Construction du pôle petite enfance - Marché de substitution consécutif à la résiliation du marché initial - lot 02 - charpente - ossature bois - bardage,Commune de La Membrolle sur Choisille,37,2026-09-11,2026-09-28,TRAVAUX,Charpente,"charpente, construction",3,https://www.boamp.fr/pages/avis/?q=idweb:26-88483,boamp,2026-09-11T20:38:43
26-88531,Reconstruction partielle du Gymnase Jean Guimier,Ville de Gennevilliers,92,2026-09-11,2026-10-08,TRAVAUX,"Electricité (travaux), Gros oeuvre, Voirie et réseaux divers, Menuiserie, Chauffage (travaux)","construction, gros œuvre, menuiserie, réseau, réseaux, travaux, voirie, électricité",9,https://www.boamp.fr/pages/avis/?q=idweb:26-88531,boamp,2026-09-11T20:38:43
26-87769,Travaux de signalisation horizontale sur les voies rapides et dans les tunnels de la Métropole de Lyon,Métropole de Lyon DGEEP,69,2026-09-11,2026-10-16,TRAVAUX,"Voirie, Matériaux routiers","travaux, voirie",3,https://www.boamp.fr/pages/avis/?q=idweb:26-87769,boamp,2026-09-11T20:38:43
26-87627,Extension du parking OUEST du Centre Hospitalier Tarbes Lourdes   Site de Tarbes-La-Gespe,Centre Hospitalier Tarbes - Lourdes,65,2026-09-11,2026-09-22,TRAVAUX,Terrassement,"extension, terrassement",3,https://www.boamp.fr/pages/avis/?q=idweb:26-87627,boamp,2026-09-11T20:38:43
26-88335,BESANCON (25) - Quartier BRUN - Réhabilitation du bâtiment 087 et des sanitaires des bâtiments 072-073-074 lots 1 à 3,SID NE,"57,39,21,90,25",2026-09-11,,TRAVAUX,"Bâtiment, Gros oeuvre, Revêtements de sols, Revêtements muraux, Chauffage (travaux), Electricité (travaux), Maçonnerie, Etanchéité, Menuiserie","bâtiment, gros œuvre, maçonnerie, menuiserie, réhabilitation, travaux, électricité, étanchéité",9,https://www.boamp.fr/pages/avis/?q=idweb:26-88335,boamp,2026-09-11T20:38:43
26-88329,Désamiantage de locaux pour la création d’une Maison de Santé « Médecins juniors » à REMIREMONT-.,Conseil Départemental des Vosges,88,2026-09-11,2026-10-02,TRAVAUX,Amiante (diagnostic),,0,https://www.boamp.fr/pages/avis/?q=idweb:26-88329,boamp,2026-09-11T20:38:43
26-88313,La présente consultation concerne le remplacement des deux ascenseurs du siège de la Caisse d’Allocations Familiales de la Manche à Avranches.,CAF DE LA MANCHE,50,2026-09-11,2026-10-16,TRAVAUX,Ascenseur,,0,https://www.boamp.fr/pages/avis/?q=idweb:26-88313,boamp,2026-09-11T20:38:43
26-88117,RÉAMÉNAGEMENT DU BOULEVARD J.F. KENNEDY ET DE LA RUE DU PIGEONNIER À LA ROQUE D'ANTHÉRON,Mairie de la Roque d'Anthéron,13,2026-09-11,,TRAVAUX,Voirie et réseaux divers,"aménagement, réseau, réseaux, voirie",5,https://www.boamp.fr/pages/avis/?q=idweb:26-88117,boamp,2026-09-11T20:38:43
26-88289,Des travaux de réfection complète et réparations importantes des terrasses étanchées des bâtiments de Soins de Suite et de Réadapation polyvalent et gériatrique (CMLS) du Centre Hospitalier de Dole.,CHU BESANCON FRANCHE COMTE,"1,21,25,39,69,70,71,90",2026-09-11,2026-10-02,TRAVAUX,"Etanchéité, Terrasse","bâtiment, réfection, travaux, étanchéité",5,https://www.boamp.fr/pages/avis/?q=idweb:26-88289,boamp,2026-09-11T20:38:43
26-88302,Travaux de restauration de zones humides à Pecquencourt,CA COEUR D'OSTREVENT,59,2026-09-11,2026-09-28,TRAVAUX,Terrassement,"terrassement, travaux",3,https://www.boamp.fr/pages/avis/?q=idweb:26-88302,boamp,2026-09-11T20:38:43
26-88227,Désamiantage des locaux d'activité situés Avenue Paul Louis Merlin,Commune de Montmélian,73,2026-09-11,2026-10-02,TRAVAUX,Amiante (désamiantage),,0,https://www.boamp.fr/pages/avis/?q=idweb:26-88227,boamp,2026-09-11T20:38:43
26-88092,Travaux de rénovation du bâtiment 027 SDAR pour le Centre INRAE PACA - Site d'Avignon - Domaine St Paul,INRAE - Centre PACA,84,2026-09-11,2026-10-12,TRAVAUX,"Chauffage (travaux), Cloison, faux plafond, Démolition, Electricité (travaux), Menuiserie, Peinture (travaux), Plomberie (travaux), Revêtements de sols","bâtiment, démolition, menuiserie, plomberie, rénovation, travaux, électricité",8,https://www.boamp.fr/pages/avis/?q=idweb:26-88092,boamp,2026-09-11T20:38:43
26-88098,Mise en place de panneaux photovoltaïques sur la toiture-terrasse du bâtiment GEA de l'IUT de Bourges,Université d'Orléans,45,2026-09-11,2026-10-12,TRAVAUX,Photovoltaïque,"bâtiment, toiture",2,https://www.boamp.fr/pages/avis/?q=idweb:26-88098,boamp,2026-09-11T20:38:43
26-88339,Travaux de rénovation énergétique des bâtiments administratifs de la DIRA à Villenave d'Ornon,DIR ATLANTIQUE,33,2026-09-11,,TRAVAUX,Bâtiment,"bâtiment, rénovation, travaux",4,https://www.boamp.fr/pages/avis/?q=idweb:26-88339,boamp,2026-09-11T20:38:43
26-88324,"Construction de la nouvelle école Tristan Bernard aux Vaîtes - Lots 4, 6, 13 et 15",Mairie de Besançon,25,2026-09-11,2026-10-23,TRAVAUX,Bâtiment,"bâtiment, construction",3,https://www.boamp.fr/pages/avis/?q=idweb:26-88324,boamp,2026-09-11T20:38:43
26-88155,Extension du restaurant scolaire,COMMUNE DE LAUWIN-PLANQUE,59,2026-09-11,2026-09-25,TRAVAUX,Gros oeuvre,"extension, gros œuvre",3,https://www.boamp.fr/pages/avis/?q=idweb:26-88155,boamp,2026-09-11T20:38:43
26-88506,Construction et réhabilitation du pôle hôtellerie - restauration - alimentation du lycée Gustave Eiffel de Reims (51) - Phases 1 et 2 - (Mapa petits lots),Région Grand Est,51,2026-09-11,,TRAVAUX,"Amiante (désamiantage), Cuisine (équipement), Photovoltaïque, Ascenseur","construction, réhabilitation",2,https://www.boamp.fr/pages/avis/?q=idweb:26-88506,boamp,2026-09-11T20:38:43
26-87829,"Accord Cadre de travaux - Mise aux normes, entretien spécialisé et reconstruction des sols sportifs",VILLE DE SAINT ANDRÉ,974,2026-09-11,2026-10-12,TRAVAUX,Revêtements de sols,"construction, travaux",2,https://www.boamp.fr/pages/avis/?q=idweb:26-87829,boamp,2026-09-11T20:38:43
26-87749,"Réhabilitation et extension du groupe scolaire V. Hugo, à Villepinte",Mairie de Villepinte,"93,75,92,94",2026-09-11,,TRAVAUX,"Maîtrise d'oeuvre, Bâtiment","bâtiment, extension, réhabilitation",4,https://www.boamp.fr/pages/avis/?q=idweb:26-87749,boamp,2026-09-11T20:38:43
26-87742,SPORTS - Réfection du sol des terrains de tennis en béton poreux par un revêtement artificiel,Commune d'Hyères,"83,13,4,5",2026-09-11,,TRAVAUX,"Terrain de sport, Revêtements de sols",réfection,1,https://www.boamp.fr/pages/avis/?q=idweb:26-87742,boamp,2026-09-11T20:38:43
26-88402,Travaux pour la réhabilitation et la démolition partielle d'un bâtiment industriel et la construction d'un bâtiment tertiaire,Mâconnais Beaujolais Agglomération,71,2026-09-11,,TRAVAUX,"Terrassement, Maçonnerie, Charpente, Menuiserie, Plâtrerie","bâtiment, charpente, construction, démolition, maçonnerie, menuiserie, réhabilitation, terrassement, travaux",10,https://www.boamp.fr/pages/avis/?q=idweb:26-88402,boamp,2026-09-11T20:38:43
26-88456,Rd 706- Commune de Campagne Aménagement du parking et de la traverse de Campagne,Département de la Dordogne,"24,16,17,19,33,46,47,87",2026-09-11,,TRAVAUX,"Voirie, Terrassement, Espaces verts","aménagement, terrassement, voirie",4,https://www.boamp.fr/pages/avis/?q=idweb:26-88456,boamp,2026-09-11T20:38:43
26-88391,TRAVAUX DE CONSTRUCTION D'UN ESPACE-TEST AGRICOLE EN MARAICHAGE SUR LA COMMUNE DE SAINT-POUANGE - RELANCE-.,Troyes Champagne Metropole,10,2026-09-11,2026-10-06,TRAVAUX,Ouvrage d'infrastructure,"construction, travaux",2,https://www.boamp.fr/pages/avis/?q=idweb:26-88391,boamp,2026-09-11T20:38:43
26-88441,Redimensionnement de l'exutoire du canal pluvial de la cité Zéphir à Cayenne,Communauté d'agglomération du centre littoral (Cacl),973,2026-09-11,2026-10-02,TRAVAUX,"Assainissement, Voirie et réseaux divers","assainissement, réseau, réseaux, voirie",5,https://www.boamp.fr/pages/avis/?q=idweb:26-88441,boamp,2026-09-11T20:38:43
26-88494,GUADELOUPE (971) – LES ABYMES – Le Raizet – DGGN – Réfection d’un hangar aéronautique pour hélicoptère,DID FdF,"971,972",2026-09-11,2026-10-21,TRAVAUX,"Bâtiment, Aéronautique","bâtiment, réfection",3,https://www.boamp.fr/pages/avis/?q=idweb:26-88494,boamp,2026-09-11T20:38:43
26-88078,Renouvellement du réseau d'eau potable route d'Aunay Section route de la Bâtissière/Rd3,Ville de Meung sur Loire,45,2026-09-11,2026-10-01,TRAVAUX,Alimentation en eau potable,réseau,1,https://www.boamp.fr/pages/avis/?q=idweb:26-88078,boamp,2026-09-11T20:38:43
26-88079,"travaux d'extension, de maintenance et d'entretien du jalonnement directionnel routier et cyclable (en agglomération et sur routes bidirectionnelles)",Eurométropole de Strasbourg,67,2026-09-11,2026-10-06,TRAVAUX,Voirie,"extension, travaux, voirie",4,https://www.boamp.fr/pages/avis/?q=idweb:26-88079,boamp,2026-09-11T20:38:43
26-88085,ST DIZIER (52) – Construction d’un bâtiment dédié à l’ensemble équipe technique et instruction spécialisée (EETIS),SID Nord-Est,"51,52,54,55,57,67,68",2026-09-11,,TRAVAUX,"Bâtiment, Climatisation, Electricité (travaux), Génie civil, Matériaux de construction, Peinture (travaux)","bâtiment, construction, génie civil, travaux, électricité",6,https://www.boamp.fr/pages/avis/?q=idweb:26-88085,boamp,2026-09-11T20:38:43
26-88089,Construction de vestiaires pour le stade de Football du complexe Gaston Lessut,Ville de Nîmes (30),30,2026-09-11,,TRAVAUX,Tous corps d'état,construction,1,https://www.boamp.fr/pages/avis/?q=idweb:26-88089,boamp,2026-09-11T20:38:43
26-88106,CONSTRUCTION D'UN POLE SANTE - 11 lots,Commune de Chaillevette (17),17,2026-09-11,2026-10-09,TRAVAUX,"Gros oeuvre, Menuiserie, Plomberie (travaux), Charpente, Electricité (travaux)","charpente, construction, gros œuvre, menuiserie, plomberie, travaux, électricité",8,https://www.boamp.fr/pages/avis/?q=idweb:26-88106,boamp,2026-09-11T20:38:43
26-87500,Réhabilitation énergétique de l’IUT de Vannes : Enveloppe et systèmes (9 lots),UNIVERSITE BRETAGNE SUD,"56,22,35,44,29,75",2026-09-11,2026-10-09,TRAVAUX,"Gros oeuvre, Charpente, Etanchéité, Couverture, Ravalement, Menuiserie, Isolation, Chauffage (travaux), Ventilation, Serrurerie, Electricité (travaux), Photovoltaïque","charpente, couverture, gros œuvre, isolation, menuiserie, réhabilitation, travaux, électricité, étanchéité",10,https://www.boamp.fr/pages/avis/?q=idweb:26-87500,boamp,2026-09-11T20:38:43
26-87634,P257 - Isle Sur La Sorgue - Avenue du Général de Gaulle - Renouvellement de conduite AEP sur 120 ml,Syndicat des Eaux Durance-Ventoux,84,2026-09-11,2026-10-19,TRAVAUX,Alimentation en eau potable,,0,https://www.boamp.fr/pages/avis/?q=idweb:26-87634,boamp,2026-09-11T20:38:43
26-87679,"Mise à niveau sécurité, sûreté, accessibilité et restauration des couvertures et de la cheminée du corps de logis du Palais Jacques-Cœur, Bourges (18)",Centre des Monuments Nationaux,"75,18",2026-09-11,2026-09-08,TRAVAUX,Monuments historiques,couverture,1,https://www.boamp.fr/pages/avis/?q=idweb:26-87679,boamp,2026-09-11T20:38:43
26-87712,BONNIERES-SUR-SEINE - Collège Marcel Pagnol - Marché de conception - réalisation pour la rénovation et l'extension du collège,Conseil Départemental des Yvelines,78,2026-09-11,2026-09-28,TRAVAUX,Matériaux de construction,"construction, extension, rénovation",4,https://www.boamp.fr/pages/avis/?q=idweb:26-87712,boamp,2026-09-11T20:38:43
26-87545,Entretien et aménagements mineurs de la voirie départementale,Conseil Départemental de Côte d'Or (21),21,2026-09-11,,TRAVAUX,Voirie,"aménagement, voirie",3,https://www.boamp.fr/pages/avis/?q=idweb:26-87545,boamp,2026-09-11T20:38:43
26-88162,TRAVAUX DE MISE EN CONFORMITE DE L’ACCESSIBILITE DU JARDIN ET D’AMELIORATION DE LA PERFORMANCE THERMIQUE AU MUDAAC-.,Conseil Départemental des Vosges,88,2026-09-11,2026-10-02,TRAVAUX,Tous corps d'état,travaux,1,https://www.boamp.fr/pages/avis/?q=idweb:26-88162,boamp,2026-09-11T20:38:43
26-88258,Remplacement Et Extension Du Systeme De Securite Incendie - Maison Du Numerique Et De L'Innovation,Département du Var,83,2026-09-11,2026-10-07,TRAVAUX,Sécurité incendie,extension,1,https://www.boamp.fr/pages/avis/?q=idweb:26-88258,boamp,2026-09-11T20:38:43
26-88424,Remplacement du bardage en sous-face du Kursaal (relance),Communauté Urbaine de Dunkerque,59,2026-09-11,2026-10-22,TRAVAUX,Bardage,,0,https://www.boamp.fr/pages/avis/?q=idweb:26-88424,boamp,2026-09-11T20:38:43
26-88440,"Travaux d'aménagement de liaisons cyclables, avenue du Maréchal de Lattre de Tassigny à Beauvais",Communaute D'Agglomeration Du Beauvaisis,60,2026-09-11,2026-10-16,TRAVAUX,Voirie,"aménagement, travaux, voirie",4,https://www.boamp.fr/pages/avis/?q=idweb:26-88440,boamp,2026-09-11T20:38:43
26-88443,"Travaux de renouvellement de réseaux d'eau potable sur les communes de Gombergean, Saint-Gourgon, Villeporcher, Saint-Jacques-des-Guérets et Sougé (41)",Communauté d'agglomération Territoires vendômois,41,2026-09-11,2026-10-15,TRAVAUX,"Alimentation en eau potable, Canalisations","réseau, réseaux, travaux",3,https://www.boamp.fr/pages/avis/?q=idweb:26-88443,boamp,2026-09-11T20:38:43
26-87817,"Marché de travaux d'installations photovoltaïques et de réfection d'étanchéité toiture sur les bâtiments de la Collectivité Européenne d'Alsace, Territoire du Haut-Rhin",Collectivité européenne d Alsace,68,2026-09-11,2026-10-13,TRAVAUX,"Photovoltaïque, Bâtiment, Etanchéité","bâtiment, réfection, toiture, travaux, étanchéité",6,https://www.boamp.fr/pages/avis/?q=idweb:26-87817,boamp,2026-09-11T20:38:43
26-87564,Construction d'une Maison d'Accueil Spécialisée (MAS) et d'un Foyer d'Accueil Médicalisé (FAM) à Guise (02) - Relance du lot n°5 - Couverture et étanchéité,GROUPE EPHESE,"2,8,51,59",2026-09-11,2026-10-14,TRAVAUX,"Etanchéité, Couverture","construction, couverture, étanchéité",4,https://www.boamp.fr/pages/avis/?q=idweb:26-87564,boamp,2026-09-11T20:38:43
26-88122,ZAC Seine Gare Vitry – Vitry-sur-Seine - Aménagement des espaces publics définitifs du secteur Gare - Lots 3 Génie civil ; Lot 4 Serrurerie,EPA ORSA,"75,94",2026-09-11,,TRAVAUX,"Génie civil, Serrurerie","aménagement, génie civil",3,https://www.boamp.fr/pages/avis/?q=idweb:26-88122,boamp,2026-09-11T20:38:43
26-88091,Rénovation du terrain d'honneur Leforestier,COMMUNE DE PETIT COURONNE,"27,76",2026-09-11,2026-10-12,TRAVAUX,"Espaces verts, Irrigation, Terrain de sport",rénovation,1,https://www.boamp.fr/pages/avis/?q=idweb:26-88091,boamp,2026-09-11T20:38:43
26-88187,"Travaux d'entretien courant de plomberie, chauffage, Vmc et climatisation pour les Centres hospitaliers de Chartres, Dreux et Bonneval",Groupement Hospitalier de Territoire d'Eure-et-Loir,28,2026-09-11,,TRAVAUX,Plomberie (travaux),"plomberie, travaux",3,https://www.boamp.fr/pages/avis/?q=idweb:26-88187,boamp,2026-09-11T20:38:43
26-88214,PROJET D'AMENAGEMENT DE LA RUE DE LA CAMPAGNE(RD32),COMMUNE D AULUS LES BAINS,"9,31,81,82",2026-09-11,2026-10-08,TRAVAUX,Voirie et réseaux divers,"aménagement, réseau, réseaux, voirie",5,https://www.boamp.fr/pages/avis/?q=idweb:26-88214,boamp,2026-09-11T20:38:43
26-88269,Accord Cadre Pour Les Travaux De Couverture Et D'Etancheite Dans Le Cadre De L'Entretien Du Patrimoine De Terres De Loire Habitat,Terres de Loire Habitat,41,2026-09-11,,TRAVAUX,"Couverture, Etanchéité","couverture, travaux, étanchéité",4,https://www.boamp.fr/pages/avis/?q=idweb:26-88269,boamp,2026-09-11T20:38:43
26-88341,Réfection complète de la couverture du gymnase de l'EG Châteaulin (29),Commandement des écoles de la GN,"29,22,56",2026-09-11,,TRAVAUX,"Couverture, Charpente","charpente, couverture, réfection",4,https://www.boamp.fr/pages/avis/?q=idweb:26-88341,boamp,2026-09-11T20:38:43
26-88332,Travaux de réfection de la toiture terrasse du laboratoire DEPE à Strasbourg sur le Campus de Cronenbourg,CNRS Délégation Alsace,"67,68",2026-09-11,2026-10-09,TRAVAUX,Etanchéité,"réfection, toiture, travaux, étanchéité",5,https://www.boamp.fr/pages/avis/?q=idweb:26-88332,boamp,2026-09-11T20:38:43
26-88343,2026-08-TR-REHA THERM ROUSSEAU,SIEMOR,"76,27",2026-09-11,2026-10-15,TRAVAUX,"Isolation, Menuiserie, Ventilation, Electricité (travaux)","isolation, menuiserie, travaux, électricité",5,https://www.boamp.fr/pages/avis/?q=idweb:26-88343,boamp,2026-09-11T20:38:43
26-88374,Travaux De Reparations Et De Rehabilitations Des Ouvrages De Defenses Contre La Mer Entre Le Havre Et Le Treport Pour Les Annees 2027 A 2030,Syndicat Mixte du Littoral de la Seine-Maritime,76,2026-09-11,2026-10-30,TRAVAUX,"Plage, Ouvrage d'infrastructure","réhabilitation, travaux",2,https://www.boamp.fr/pages/avis/?q=idweb:26-88374,boamp,2026-09-11T20:38:43
26-88405,Renforcements des poteaux métalliques existants dans les espaces du Parc des Expositions d’Angers,ANGERS LOIRE TOURISME EXPO CONGRES,49,2026-09-11,2026-10-05,TRAVAUX,Bâtiment,bâtiment,2,https://www.boamp.fr/pages/avis/?q=idweb:26-88405,boamp,2026-09-11T20:38:43
26-88411,"ACCORD-CADRE - TRAVAUX D'ENTRETIEN, DE REPARATION ET TRAVAUX DE COUVERTURES TRADITIONNELLES, DE NETTOYAGE DE CHENEAUX, GOUTTIERES ET TERRASSE, RAMONAGE POUR LES ETABLISSEMENTS DU GHT 72",Centre hospitalier du Mans,72,2026-09-11,2026-10-14,TRAVAUX,Couverture,"couverture, travaux",3,https://www.boamp.fr/pages/avis/?q=idweb:26-88411,boamp,2026-09-11T20:38:43
26-88484,Construction neuve d'une salle de sport dédiée à l'escalade et aménagement extérieur,Commune de Beauville,"47,82",2026-09-11,2026-10-02,TRAVAUX,"Equipement sportif, Bâtiment, Gros oeuvre, Terrassement","aménagement, bâtiment, construction, gros œuvre, terrassement",6,https://www.boamp.fr/pages/avis/?q=idweb:26-88484,boamp,2026-09-11T20:38:43
26-87659,Travaux de confortement du système d'endiguement de Villeurbanne Saint Jean - Vaulx-en-Velin - 4 lots,Métropole de Lyon,69,2026-09-11,2026-11-09,TRAVAUX,Digue,travaux,1,https://www.boamp.fr/pages/avis/?q=idweb:26-87659,boamp,2026-09-11T20:38:43
26-87781,POSE ET DEPOSE DE SUPPORTS D’EFFORTS ET AUTRES MOBILIERS URBAINS DANS LES TRANSPORTS,LIMOGES METROPOLE - Communauté urbaine,87,2026-09-11,2026-10-13,TRAVAUX,"Mobilier urbain, Transport",,0,https://www.boamp.fr/pages/avis/?q=idweb:26-87781,boamp,2026-09-11T20:38:43
26-87744,Travaux d'espace public secteur Segoffin (4 lots),PARIS LA DEFENSE,92,2026-09-11,2026-10-09,TRAVAUX,"Eclairage public, Voirie et réseaux divers, Espaces verts, Génie civil","génie civil, réseau, réseaux, travaux, voirie",6,https://www.boamp.fr/pages/avis/?q=idweb:26-87744,boamp,2026-09-11T20:38:43
26-87834,"Accords-cadres pour le gros entretien, l’entretien courant et l’amélioration du cadre de vie sur le patrimoine bâti du SDIS du Nord",Service Départemental d’Incendie et de Secours du Nord,59,2026-09-11,,TRAVAUX,Tous corps d'état,,0,https://www.boamp.fr/pages/avis/?q=idweb:26-87834,boamp,2026-09-11T20:38:43
26-88107,Travaux de restauration et de réhabilitation de l'ancien Hôtel de Ville de Wambrechies,Mairie de Wambrechies,"59,80",2026-09-11,2026-10-23,TRAVAUX,Gros oeuvre,"gros œuvre, réhabilitation, travaux",4,https://www.boamp.fr/pages/avis/?q=idweb:26-88107,boamp,2026-09-11T20:38:43
26-88114,Réhabilitation de la Grange ROY en salle polyvalente,Commune d'Eyjeaux,87,2026-09-11,2026-10-12,TRAVAUX,Bâtiment,"bâtiment, réhabilitation",3,https://www.boamp.fr/pages/avis/?q=idweb:26-88114,boamp,2026-09-11T20:38:43
26-88193,"DÉSAMIANTAGE, DÉPLOMBAGE ET DÉMOLITION DE L'ANCIEN GYMNASE DE NÉRONDES",CdC Pays de Nérondes,18,2026-09-11,2026-10-16,TRAVAUX,"Amiante (désamiantage), Démolition",démolition,2,https://www.boamp.fr/pages/avis/?q=idweb:26-88193,boamp,2026-09-11T20:38:43
26-88231,Restructuration de la laverie vaisselle  et de la distribution,Conseil départemental du Cantal,15,2026-09-11,2026-10-05,TRAVAUX,Cuisine (équipement),,0,https://www.boamp.fr/pages/avis/?q=idweb:26-88231,boamp,2026-09-11T20:38:43
26-88314,Rénovation et mise en conformité  du système de filtration de la piscine de RAMBERVILLERS-.,Commune de Rambervillers,88,2026-09-11,2026-10-05,TRAVAUX,Tous corps d'état,rénovation,1,https://www.boamp.fr/pages/avis/?q=idweb:26-88314,boamp,2026-09-11T20:38:43
26-88320,Travaux de rénovation de l'aire de lavage de Valorbi,Communauté d'Agglomération Béziers Méditerranée,34,2026-09-11,2026-10-22,TRAVAUX,"Electricité (travaux), Equipements spécialisés, Génie civil, Voirie et réseaux divers","génie civil, rénovation, réseau, réseaux, travaux, voirie, électricité",8,https://www.boamp.fr/pages/avis/?q=idweb:26-88320,boamp,2026-09-11T20:38:43
26-88480,Aménagement urbain du coeur de ville de Sinnamary (berges) - site 04 - Mise en tourisme du pont de Mme de MAINTENON : éclairage du pont.,Commune de Sinnamary,973,2026-09-11,,TRAVAUX,"Eclairage public, Electricité (travaux), Illumination, Matériel électrique, Espaces verts","aménagement, travaux, électricité",4,https://www.boamp.fr/pages/avis/?q=idweb:26-88480,boamp,2026-09-11T20:38:43
26-88371,Extension et aménagement de la caserne des sapeurs-pompiers de Ceyssat-Olby-Nebouzat,Sdis 63,63,2026-09-11,2026-10-01,TRAVAUX,"Bâtiment, Fondations spéciales, Voirie et réseaux divers, Maçonnerie, Electricité (travaux)","aménagement, bâtiment, extension, maçonnerie, réseau, réseaux, travaux, voirie, électricité",10,https://www.boamp.fr/pages/avis/?q=idweb:26-88371,boamp,2026-09-11T20:38:43
26-88390,Travaux de rénovation énergétique du CMM de Brest,METEO-FRANCE,29,2026-09-11,2026-10-07,TRAVAUX,Bâtiment,"bâtiment, rénovation, travaux",4,https://www.boamp.fr/pages/avis/?q=idweb:26-88390,boamp,2026-09-11T20:38:43
26-88393,Isolation thermique et remplacement des menuiseries du bâtiment A du lycée René Cassin (42- Rive de Gier),DEL - Direction de l éducation et des lycées,"42,69",2026-09-11,2026-10-13,TRAVAUX,Menuiserie,"bâtiment, isolation, menuiserie",4,https://www.boamp.fr/pages/avis/?q=idweb:26-88393,boamp,2026-09-11T20:38:43
26-88486,Travaux de réhabilitation de la déchèterie de Saint Mars du Désert,Cté de Communes d'Erdre et Gesvres,44,2026-09-11,2026-10-20,TRAVAUX,"Voirie et réseaux divers, Déchetterie (travaux)","réhabilitation, réseau, réseaux, travaux, voirie",6,https://www.boamp.fr/pages/avis/?q=idweb:26-88486,boamp,2026-09-11T20:38:43
26-88526,Réhabilitation de la crèche Potamia,Ville de Gennevilliers,92,2026-09-11,2026-10-06,TRAVAUX,"Gros oeuvre, Peinture (travaux), Voirie et réseaux divers, Menuiserie, Electricité (travaux)","gros œuvre, menuiserie, réhabilitation, réseau, réseaux, travaux, voirie, électricité",9,https://www.boamp.fr/pages/avis/?q=idweb:26-88526,boamp,2026-09-11T20:38:43
26-87774,"Désamiantage, réfection  de la toiture et du bardage des hangars St Maurice",Amiens Métropole,80,2026-09-10,,TRAVAUX,"Amiante (désamiantage), Bardage, Couverture","couverture, réfection, toiture",4,https://www.boamp.fr/pages/avis/?q=idweb:26-87774,boamp,2026-09-11T20:38:43
26-87969,"Travaux de réhabilitation du bâtiment ""Ile madame"" de l'école de gendarmerie de Rochefort",Commandement des écoles de la GN,17,2026-09-10,2026-10-08,TRAVAUX,"Gros oeuvre, Electricité (travaux), Carrelage, Menuiserie, Charpente, Peinture (travaux), Climatisation, Chauffage (travaux)","bâtiment, charpente, gros œuvre, menuiserie, réhabilitation, travaux, électricité",8,https://www.boamp.fr/pages/avis/?q=idweb:26-87969,boamp,2026-09-11T20:38:43
26-87932,"Travaux de réhabilitation des balcons d'un ensemble d'immeubles de logements situé au 60, boulevard du Maréchal Joffre - 92340 Bourg-la-Reine",Caisse d'Assurance Vieillesse des Pharmaciens,75,2026-09-10,2026-10-16,TRAVAUX,Bâtiment,"bâtiment, réhabilitation, travaux",4,https://www.boamp.fr/pages/avis/?q=idweb:26-87932,boamp,2026-09-11T20:38:43
26-87808,Travaux de reconstruction du Cer de Valbonnais - Relance lots 14 et 15,Département de l'Isère,38,2026-09-10,2026-10-01,TRAVAUX,Tous corps d'état,"construction, travaux",2,https://www.boamp.fr/pages/avis/?q=idweb:26-87808,boamp,2026-09-11T20:38:43
26-87797,"Désamiantage, déplombage et démolition du site de l'école Paul Fuchs à Horbourg-Wihr",COMMUNE DE HORBOURG-WIHR,"67,68,70,88,90",2026-09-10,2026-10-16,TRAVAUX,"Amiante (désamiantage), Démolition",démolition,2,https://www.boamp.fr/pages/avis/?q=idweb:26-87797,boamp,2026-09-11T20:38:43
26-88036,Construction d'un pôle enfance sur la commune de Savignac Les Eglises,Communauté d'Agglomération du Grand Périgueux,24,2026-09-10,2026-10-14,TRAVAUX,"Gros oeuvre, Bâtiment","bâtiment, construction, gros œuvre",4,https://www.boamp.fr/pages/avis/?q=idweb:26-88036,boamp,2026-09-11T20:38:43
26-88022,Rénovation des sanitaires du Lac Chambon à Murol,Département du Puy-de-Dôme,63,2026-09-10,,TRAVAUX,"Sanitaire, Charpente, Menuiserie, Plomberie (travaux), Démolition","charpente, démolition, menuiserie, plomberie, rénovation, travaux",7,https://www.boamp.fr/pages/avis/?q=idweb:26-88022,boamp,2026-09-11T20:38:43
26-87641,Aménagement de voirie et trottoirs - Allée du Grand Chemin de Claye,Mairie d'Annet sur Marne,77,2026-09-10,2026-10-15,TRAVAUX,"Voirie, Voirie et réseaux divers","aménagement, réseau, réseaux, voirie",5,https://www.boamp.fr/pages/avis/?q=idweb:26-87641,boamp,2026-09-11T20:38:43
26-87198,Réalisation pour le compte du département du Morbihan d'enduits superficiels d'usures (ESU),Conseil Départemental du Morbihan,56,2026-09-10,2026-10-16,TRAVAUX,Voirie,voirie,2,https://www.boamp.fr/pages/avis/?q=idweb:26-87198,boamp,2026-09-11T20:38:43
26-87233,Réhabilitation et remise en état des sites naturels départementaux,Conseil Départemental de l'Essonne,"91,75,78,92",2026-09-10,2026-10-09,TRAVAUX,"Déchets non ménagers (prestations), Démolition","démolition, réhabilitation",3,https://www.boamp.fr/pages/avis/?q=idweb:26-87233,boamp,2026-09-11T20:38:43
26-87309,"Patrimoine départemental, travaux d'entretien et de grosses réparations 2027-2030",Conseil départemental d'Indre et Loire,37,2026-09-10,2026-10-12,TRAVAUX,"Revêtements de sols, Menuiserie, Peinture (travaux), Electricité (travaux), Maçonnerie","maçonnerie, menuiserie, travaux, électricité",5,https://www.boamp.fr/pages/avis/?q=idweb:26-87309,boamp,2026-09-11T20:38:43
26-87684,RN 10 – Travaux de comblement partiel par « Cavibag » de remblais sous-cavés à proximité de l’ouvrage hydraulique de Chierzac,DIR ATLANTIQUE,"16,17,33",2026-09-10,2026-10-12,TRAVAUX,"Forage, Ouvrage d'art",travaux,1,https://www.boamp.fr/pages/avis/?q=idweb:26-87684,boamp,2026-09-11T20:38:43
26-87690,Travaux d'aménagement et d'équipement du réseau de sentiers et itinérances de la zone coeur du massif du Canigó (66),Syndicat Mixte Canigó Grand Site,"66,31,34,30",2026-09-10,,TRAVAUX,Voirie,"aménagement, réseau, travaux, voirie",5,https://www.boamp.fr/pages/avis/?q=idweb:26-87690,boamp,2026-09-11T20:38:43
26-87667,"Fabrication, dépose et pose des panneaux de signalisation du Vignoble Gaillacois",Departement Du Tarn,81,2026-09-10,,TRAVAUX,"Signalisation, Panneaux",,0,https://www.boamp.fr/pages/avis/?q=idweb:26-87667,boamp,2026-09-11T20:38:43
26-87735,Travaux de renouvellement des canalisations d'un réservoir d'eau potable,COMMUNAUTE D'AGGLOMERATION TARBES-LOURDES-PYRENEES,65,2026-09-10,,TRAVAUX,Canalisations,travaux,1,https://www.boamp.fr/pages/avis/?q=idweb:26-87735,boamp,2026-09-11T20:38:43
26-87845,Marché de travaux pour la restauration de la maison du gardien,Ville de Vaucresson,92,2026-09-10,,TRAVAUX,Gros oeuvre,"gros œuvre, travaux",3,https://www.boamp.fr/pages/avis/?q=idweb:26-87845,boamp,2026-09-11T20:38:43
26-87942,Travaux de génie écologique dans la forêt de protection de Nordhouse,Eurométropole de Strasbourg,67,2026-09-10,,TRAVAUX,"Génie civil, Travaux forestiers","génie civil, travaux",3,https://www.boamp.fr/pages/avis/?q=idweb:26-87942,boamp,2026-09-11T20:38:43
26-88031,"Reconstruction de l'ouvrage ""Pont Blanc""",Commune de Maury,66,2026-09-10,,TRAVAUX,Ouvrage d'art,construction,1,https://www.boamp.fr/pages/avis/?q=idweb:26-88031,boamp,2026-09-11T20:38:43
26-87301,Travaux de mise en œuvre et de réparation de dispositifs de retenue,DIR CENTRE-OUEST,87,2026-09-10,2026-10-12,TRAVAUX,Glissières de sécurité,travaux,1,https://www.boamp.fr/pages/avis/?q=idweb:26-87301,boamp,2026-09-11T20:38:43
26-87449,Marché de travaux pour la réalisation de l’opération « SAYARI »,Société Immobilière de Mayotte (976),976,2026-09-10,2026-10-12,TRAVAUX,Bâtiment,"bâtiment, travaux",3,https://www.boamp.fr/pages/avis/?q=idweb:26-87449,boamp,2026-09-11T20:38:43
26-87154,Réalisation des aménagements liés au futur Tzen 2 sur le secteur Boissénart et Woodshop de la commune de Savigny-le-Temple et Cesson entre le giratoire d'Olof Palme exclus et le giratoire du Bois d...,Conseil départemental de Seine et Marne,77,2026-09-10,,TRAVAUX,Voirie,"aménagement, voirie",3,https://www.boamp.fr/pages/avis/?q=idweb:26-87154,boamp,2026-09-11T20:38:43
26-87880,Travaux de remise aux normes de la Crèche Mouriscot à Biarritz,COMMUNE DE BIARRITZ,64,2026-09-10,2026-09-30,TRAVAUX,Gros oeuvre,"gros œuvre, travaux",3,https://www.boamp.fr/pages/avis/?q=idweb:26-87880,boamp,2026-09-11T20:38:43
26-87883,OISSEL (76) - Travaux de création d'une soute à munitions dans le bâtiment 38,SGAMI OUEST,"76,27,80,60,14",2026-09-10,2026-10-12,TRAVAUX,"Amiante (désamiantage), Démolition, Gros oeuvre, Couverture, Electricité (travaux)","bâtiment, couverture, démolition, gros œuvre, travaux, électricité",7,https://www.boamp.fr/pages/avis/?q=idweb:26-87883,boamp,2026-09-11T20:38:43
26-87990,"TRAVAUX DE RESTAURATION DES MILIEUX AQUATIQUES ET ENTRETIEN DE LA RIPISYLVE
BASSINS CHERE, DON ET ISAC",Syndicat Mixte Chère Don Isac,"44,35,56",2026-09-10,2026-10-12,TRAVAUX,"Rivières/ruisseaux, Terrassement, Travaux forestiers","terrassement, travaux",3,https://www.boamp.fr/pages/avis/?q=idweb:26-87990,boamp,2026-09-11T20:38:43
26-88051,MARTINIQUE (972) – LE LAMENTIN – Résidence Le Petit Manoir – Remplacement des couvertures des bâtiments 001 et 002,DID FdF,972,2026-09-10,2026-10-08,TRAVAUX,"Couverture, Bâtiment","bâtiment, couverture",3,https://www.boamp.fr/pages/avis/?q=idweb:26-88051,boamp,2026-09-11T20:38:43
26-87950,Déplacement pompe à chaleur Centre des finances publiques Cagnes-sur-Mer,006-DDFIP,6,2026-09-10,2026-10-08,TRAVAUX,"Pompes, Climatisation, Chauffage (travaux)",travaux,2,https://www.boamp.fr/pages/avis/?q=idweb:26-87950,boamp,2026-09-11T20:38:43
26-87197,Aménagement d'une plaine des sports sur le site du stade Serzian- Lots 7 et 21,Ville Belfort,90,2026-09-10,2026-10-12,TRAVAUX,"Couverture, Equipement sportif, Gros oeuvre, Menuiserie, Voirie","aménagement, couverture, gros œuvre, menuiserie, voirie",6,https://www.boamp.fr/pages/avis/?q=idweb:26-87197,boamp,2026-09-11T20:38:43
26-87130,Travaux de génie civil des installations de Signalisation Lumineuse Tricolore et Bornes Escamotables Automatiques - 2 Lots : Lot 1 Communes Ouest et Lot 2 Communes Est,Métropole de Lyon DGEEP,69,2026-09-10,2026-10-12,TRAVAUX,"Génie civil, Voirie, Signalisation","génie civil, travaux, voirie",4,https://www.boamp.fr/pages/avis/?q=idweb:26-87130,boamp,2026-09-11T20:38:43
26-87423,Travaux d'aménagement et d'équipement des restaurants du centre administratif de la Ville de Saint Pierre,SPL Grand Sud,974,2026-09-10,2026-10-12,TRAVAUX,Cuisine (équipement),"aménagement, travaux",2,https://www.boamp.fr/pages/avis/?q=idweb:26-87423,boamp,2026-09-11T20:38:43
26-87408,"Autoroute A86 – Travaux de rénovation de l’éclairage des tunnels de Bobigny, Lumen et Norton","Direction régionale et interdépartementale de l'Environnement, de l’Aménagement et des Transports d’Île-de-France (DRIEAT IF)","75,94",2026-09-10,,TRAVAUX,Electricité (travaux),"rénovation, travaux, électricité",4,https://www.boamp.fr/pages/avis/?q=idweb:26-87408,boamp,2026-09-11T20:38:43
26-87279,Travaux pour la réalisation d'une canalisation de rejet des eaux traitées issues de la future station d'épuration Archilua à Saint-Jean-de-Luz,Communauté d'agglomération Pays Basque,64,2026-09-10,,TRAVAUX,Canalisations,travaux,1,https://www.boamp.fr/pages/avis/?q=idweb:26-87279,boamp,2026-09-11T20:38:43
26-87706,Travaux d'agencement de l'espace d'exposition Sciences Actualité du Palais de la Découverte,Eppdcsi - Universcience Etablissement public à caractère industriel et commercial créé par décret interministériel du 3 décembre 2009,75,2026-09-10,2026-09-28,TRAVAUX,"Peinture (travaux), Décoration (travaux), Menuiserie","menuiserie, travaux",3,https://www.boamp.fr/pages/avis/?q=idweb:26-87706,boamp,2026-09-11T20:38:43
26-87804,Agrandissement du centre municipal de santé d'Amplepuis,Commune Amplepuis,69,2026-09-10,2026-10-05,TRAVAUX,"Charpente, Couverture, Menuiserie, Plomberie (travaux), Electricité (travaux)","charpente, couverture, menuiserie, plomberie, travaux, électricité",7,https://www.boamp.fr/pages/avis/?q=idweb:26-87804,boamp,2026-09-11T20:38:43
26-87772,Création d'un parking et de ses aménagements paysagers à la faculté de sciences appliquées de Béthune,Université d'Artois,62,2026-09-10,,TRAVAUX,Voirie et réseaux divers,"aménagement, réseau, réseaux, voirie",5,https://www.boamp.fr/pages/avis/?q=idweb:26-87772,boamp,2026-09-11T20:38:43
26-87909,RN147 Nord Limoges - Mise à 2x2 voies au nord de Limoges - Travaux de restauration et mesures compensatoires – Site des Bâties et des Justices,DREAL Nouvelle Aquitaine,87,2026-09-10,,TRAVAUX,Matériel de travaux publics,travaux,2,https://www.boamp.fr/pages/avis/?q=idweb:26-87909,boamp,2026-09-11T20:38:43
26-87907,Travaux d’aménagement cyclable et de requalification de la rue de La Fayette à Besancon.,Grand Besançon Métropole,25,2026-09-10,2026-10-02,TRAVAUX,Voirie et réseaux divers,"aménagement, réseau, réseaux, travaux, voirie",6,https://www.boamp.fr/pages/avis/?q=idweb:26-87907,boamp,2026-09-11T20:38:43
26-87913,Travaux de rénovation de la toiture terrasse du pavillon Rameau –  Campus universitaire Montmuzard à Dijon (21),CROUS BFC,"25,21,71,90",2026-09-10,2026-10-01,TRAVAUX,"Etanchéité, Amiante (désamiantage)","rénovation, toiture, travaux, étanchéité",5,https://www.boamp.fr/pages/avis/?q=idweb:26-87913,boamp,2026-09-11T20:38:43
26-87882,Travaux de construction d’un hangar à hélicoptères pour l'institut EVERING de Bordeaux à Mérignac.,UNIVERSITE DE BORDEAUX,33,2026-09-10,2026-10-12,TRAVAUX,"Bardage, Charpente, Chauffage (matériel), Chauffage (travaux), Couverture, Electricité (travaux), Etanchéité, Gros oeuvre, Isolation, Menuiserie, Peinture (travaux), Plomberie (travaux), Plâtrerie, Serrurerie, Zinguerie","charpente, construction, couverture, gros œuvre, isolation, menuiserie, plomberie, travaux, électricité, étanchéité",11,https://www.boamp.fr/pages/avis/?q=idweb:26-87882,boamp,2026-09-11T20:38:43
26-87886,Restauration de l'orgue de Saint-Aubin,COMMUNE LES PONTS-DE-CE,49,2026-09-10,2026-10-26,TRAVAUX,Orgue,,0,https://www.boamp.fr/pages/avis/?q=idweb:26-87886,boamp,2026-09-11T20:38:43
26-87850,TRAVAUX DE RÉNOVATION DE L'ÉCOLE ÉLÉMENTAIRE OUSSENI MOGNE À DZOUMOGNÉ,Mairie de Bandraboua,976,2026-09-10,2026-10-09,TRAVAUX,Ouvrage d'infrastructure,"rénovation, travaux",2,https://www.boamp.fr/pages/avis/?q=idweb:26-87850,boamp,2026-09-11T20:38:43
26-87842,Travaux de revêtement de trottoir et de chaussée,MAIRIE DE SAINT JEAN DE LUZ,64,2026-09-10,2026-10-09,TRAVAUX,"Voirie, Travaux de viabilité, Revêtements de sols","travaux, voirie",3,https://www.boamp.fr/pages/avis/?q=idweb:26-87842,boamp,2026-09-11T20:38:43
26-87972,Réfection des réseaux électriques et alimentation en eau potable du port de Fréjus,SPL Ports de Fréjus (83),83,2026-09-10,,TRAVAUX,Voirie et réseaux divers,"réfection, réseau, réseaux, voirie",5,https://www.boamp.fr/pages/avis/?q=idweb:26-87972,boamp,2026-09-11T20:38:43
26-87379,REPARATIONS ET IMPLANTATIONS DE NOUVELLES FILES DE DISPOSITIFS DE RETENUE SUR LE RESEAU ROUTIER DEPARTEMENTAL DE L’OISE,Département de l&#039;Oise,60,2026-09-10,2026-10-13,TRAVAUX,"Travaux de viabilité, Ouvrage métallique, Bois, Glissières de sécurité","réseau, travaux",3,https://www.boamp.fr/pages/avis/?q=idweb:26-87379,boamp,2026-09-11T20:38:43
26-87383,Travaux de construction de la nouvelle Cité des enfants et des parents de la Ville de Loos (59120)_Lot n°15 : Fourniture et pose de garde-corps en toiture,Ville de Loos,59,2026-09-10,2026-10-12,TRAVAUX,Produits chimiques,"construction, toiture, travaux",3,https://www.boamp.fr/pages/avis/?q=idweb:26-87383,boamp,2026-09-11T20:38:43
26-87113,"TRAVAUX SUR LES INFRASCTRUCTURES DE MOBILITE, GENIE CIVIL",METROPOLE NICE COTE D AZUR,6,2026-09-10,,TRAVAUX,Génie civil,"génie civil, travaux",3,https://www.boamp.fr/pages/avis/?q=idweb:26-87113,boamp,2026-09-11T20:38:43
26-87657,"Accord cadre à bons de commande pour des travaux de plâtrerie, peinture, revêtements muraux, faux plafonds et revêtements de sols",Commune de Corte,"20B,20A",2026-09-10,2026-10-12,TRAVAUX,Peinture (travaux),travaux,2,https://www.boamp.fr/pages/avis/?q=idweb:26-87657,boamp,2026-09-11T20:38:43
26-87640,Réhabilitation et optimisation du fonctionnement de la station d'épuration de Kerolay à LORIENT,Lorient Agglomération,56,2026-09-10,2026-12-11,TRAVAUX,Station d'épuration (travaux),"réhabilitation, travaux",3,https://www.boamp.fr/pages/avis/?q=idweb:26-87640,boamp,2026-09-11T20:38:43
26-87217,Restructuration et rénovation énergétique de l'Institut de Vigne à Semur-en-Auxois (21140),Conseil Départemental de Côte d'Or (21),21,2026-09-10,2026-10-08,TRAVAUX,Bâtiment,"bâtiment, rénovation",3,https://www.boamp.fr/pages/avis/?q=idweb:26-87217,boamp,2026-09-11T20:38:43
26-87611,Travaux de sécurisation et de confortement du chemin du général de gaulle,Commune de Saint-Denis,974,2026-09-10,,TRAVAUX,Falaise,travaux,1,https://www.boamp.fr/pages/avis/?q=idweb:26-87611,boamp,2026-09-11T20:38:43
26-87637,Construction de 17 logements Davu Dago à  Doujani,EPRD - Établissement Public de Reconstruction et de Développement de Mayotte (976),976,2026-09-10,2026-09-22,TRAVAUX,"Menuiserie, Bâtiment","bâtiment, construction, menuiserie",4,https://www.boamp.fr/pages/avis/?q=idweb:26-87637,boamp,2026-09-11T20:38:43
26-87791,71 PARAY-LE-MONIAL – Lycée Astier : réfection complète des toitures amiantées  des bâtiments atelier A et B,Région Bourgogne Franche-Comté,71,2026-09-10,2026-10-23,TRAVAUX,Couverture,"bâtiment, couverture, réfection, toiture",5,https://www.boamp.fr/pages/avis/?q=idweb:26-87791,boamp,2026-09-11T20:38:43
26-87898,2026-05 TRAVAUX VOIRIE COMMUNALE 2026 - VAYRES (33),MAIRIE DE VAYRES,33,2026-09-10,2026-10-02,TRAVAUX,Voirie,"travaux, voirie",3,https://www.boamp.fr/pages/avis/?q=idweb:26-87898,boamp,2026-09-11T20:38:43
26-87806,"Mpa-Cvmt-202662m1364 - Rd 301 Houdain - Réfection Oa n° 1354 - Pr 12+162 et Oa n° 1355 - Pr 19+644 - Travaux de reprises de fissures, réparations des bétons, décapage et remise en",Conseil Départemental du Pas-de-Calais,62,2026-09-10,2026-10-05,TRAVAUX,"Peinture (travaux), Ouvrage d'art","réfection, travaux",3,https://www.boamp.fr/pages/avis/?q=idweb:26-87806,boamp,2026-09-11T20:38:43
26-87838,Travaux de pose d'ancrages pour la sécurisation du travail en hauteur dans les espaces verts parisiens,Direction des finances et des achats (DFA) - Sous-direction des achats (SDA),75,2026-09-10,,TRAVAUX,Matériel de sécurité,travaux,1,https://www.boamp.fr/pages/avis/?q=idweb:26-87838,boamp,2026-09-11T20:38:43
26-87665,Travaux de revêtements de sols dans les bâtiments des différents sites dépendant de l'Université Paris Saclay,Université Paris-Saclay,91,2026-09-10,2026-10-12,TRAVAUX,Revêtements de sols,"bâtiment, travaux",2,https://www.boamp.fr/pages/avis/?q=idweb:26-87665,boamp,2026-09-11T20:38:43
26-87782,CONSTRUCTION D’UNE RESERVE INCENDIE A GERMAINE-.,Communauté de Communes de la Grande Vallée de la Marne,51,2026-09-10,2026-10-08,TRAVAUX,Ouvrage d'infrastructure,construction,1,https://www.boamp.fr/pages/avis/?q=idweb:26-87782,boamp,2026-09-11T20:38:43
26-87954,TRAVAUX DE REPRISES DE CONCESSIONS FUNERAIRES,Mairie de L'Isle-Jourdain,32,2026-09-10,2026-10-01,TRAVAUX,Cimetière,travaux,1,https://www.boamp.fr/pages/avis/?q=idweb:26-87954,boamp,2026-09-11T20:38:43
26-87935,Travaux neufs de voirie,Grand Montauban Communauté d'Agglomeration,82,2026-09-10,2026-10-12,TRAVAUX,Voirie,"travaux, voirie",3,https://www.boamp.fr/pages/avis/?q=idweb:26-87935,boamp,2026-09-11T20:38:43
26-88026,MISE EN PLACE DE LA DISTRIBUTION D'EAU POTABLE DANS LES VILLAGES DE BASSIN MINE D'OR ET GOTALI,Cté de Cnes de l'Ouest Guyanais,973,2026-09-10,2026-10-19,TRAVAUX,"Alimentation en eau potable, Réservoir, Canalisations",,0,https://www.boamp.fr/pages/avis/?q=idweb:26-88026,boamp,2026-09-11T20:38:43
26-88052,Travaux de démolition de bâtiments sis 15 rue Aurelie DICANOT - quartier TRENELLE.,Ville de Fort-de France,972,2026-09-10,2026-10-09,TRAVAUX,Démolition,"bâtiment, démolition, travaux",4,https://www.boamp.fr/pages/avis/?q=idweb:26-88052,boamp,2026-09-11T20:38:43
26-87727,Aménagement de la déchetterie de Saint-Gély-du-Fesc,Cté Cnes du Grand Pic St Loup,"30,34",2026-09-10,2026-10-13,TRAVAUX,"Déchetterie (travaux), Electricité (travaux), Terrassement, Voirie et réseaux divers","aménagement, réseau, réseaux, terrassement, travaux, voirie, électricité",8,https://www.boamp.fr/pages/avis/?q=idweb:26-87727,boamp,2026-09-11T20:38:43
26-87746,TRAVAUX DE RESTAURATION ECOLOGIQUE DES ESPACES REGIONAUX,AEV Ile-de-France Nature,"93,75,77,78,91,92,94,95",2026-09-10,2026-10-09,TRAVAUX,"Terrassement, Végétaux","terrassement, travaux",3,https://www.boamp.fr/pages/avis/?q=idweb:26-87746,boamp,2026-09-11T20:38:43
26-87062,Renouvellement urbain du quartier de Hauteville : Aménagement des espaces publics,Ville de Lisieux,14,2026-09-10,2026-10-16,TRAVAUX,"Voirie et réseaux divers, Espaces verts","aménagement, réseau, réseaux, voirie",5,https://www.boamp.fr/pages/avis/?q=idweb:26-87062,boamp,2026-09-11T20:38:43
26-87259,Renforcement et entretien de voirie,Commune d'Aurillac,15,2026-09-10,2026-10-14,TRAVAUX,"Matériaux routiers, Voirie",voirie,2,https://www.boamp.fr/pages/avis/?q=idweb:26-87259,boamp,2026-09-11T20:38:43
26-87729,Archives départementales de Mâcon – Traitement climatique des étages 16 à 20,DEPARTEMENT DE SAONE-ET-LOIRE,71,2026-09-10,,TRAVAUX,"Menuiserie, Peinture (travaux), Revêtements de sols, Electricité (travaux), Ventilation","menuiserie, travaux, électricité",4,https://www.boamp.fr/pages/avis/?q=idweb:26-87729,boamp,2026-09-11T20:38:43
26-87722,MONTAUBAN (82) Quartier Doumerc - 17RGP - PIM autrement 2025-sécurisation de l’accès au quartier Travaux de VRD (SID-SE 26 285 - DAF_2026_001299 - COSI 468367),SID Sud-Est,"82,31",2026-09-10,2026-10-13,TRAVAUX,Voirie et réseaux divers,"réseau, réseaux, travaux, voirie, vrd",6,https://www.boamp.fr/pages/avis/?q=idweb:26-87722,boamp,2026-09-11T20:38:43
26-87731,Travaux de restauration et d'entretien du lit de la Loire et de l'Allier,D.D.T de la Nièvre,"3,18,58,71",2026-09-10,2026-10-16,TRAVAUX,"Espaces verts, Rivières/ruisseaux",travaux,1,https://www.boamp.fr/pages/avis/?q=idweb:26-87731,boamp,2026-09-11T20:38:43
26-87785,Création d'une canalisation de refoulement pour l'aire d'accueil des gens du voyage d'Yzeure,Moulins Communauté,3,2026-09-10,2026-10-15,TRAVAUX,"Canalisations, Station de refoulement, Assainissement",assainissement,2,https://www.boamp.fr/pages/avis/?q=idweb:26-87785,boamp,2026-09-11T20:38:43
26-87747,CRÉATION D'UNE VOIRIE ET D'UN ITINÉRAIRE CYCLABLE CHEMIN D'ANTONY À SAVIGNY ET D'UN ITINÉRAIRE CYCLABLE RUE DES MARES JULIENNES À WISSOUS,Communauté Paris-Saclay,91,2026-09-10,2026-10-07,TRAVAUX,"Voirie et réseaux divers, Eclairage public, Espaces verts","réseau, réseaux, voirie",4,https://www.boamp.fr/pages/avis/?q=idweb:26-87747,boamp,2026-09-11T20:38:43
26-87760,Marché de conception-réalisation portant sur le remplacement du réseau d'eau glacée desservant les unités de climatisation du bâtiment Irene à Dunkerque,Université du Littoral Côte d'Opale,"59,60,62,80",2026-09-10,2026-10-23,TRAVAUX,"Bâtiment, Climatisation, Réseaux divers","bâtiment, réseau, réseaux",4,https://www.boamp.fr/pages/avis/?q=idweb:26-87760,boamp,2026-09-11T20:38:43
26-87651,Travaux de réfection toiture des ateliers du lycée Haute Auvergne de Saint-Flour (15),Région Auvergne Rhône Alpes,"15,63",2026-09-10,2026-10-09,TRAVAUX,Tous corps d'état,"réfection, toiture, travaux",3,https://www.boamp.fr/pages/avis/?q=idweb:26-87651,boamp,2026-09-11T20:38:43
26-87648,Travaux de transformation d’un local de stockage (en CF négative et extension local poubelles) et une mise aux normes coupe-feu.,CENTRE REGIONAL OEUVRES UNIV SCOLAIRES,"59,62",2026-09-10,,TRAVAUX,Chambre froide,"extension, travaux",2,https://www.boamp.fr/pages/avis/?q=idweb:26-87648,boamp,2026-09-11T20:38:43
26-87849,Travaux d'assainissement - Réhabilitation du collecteur de Bellecombe - Commune de Reignier-Esery - Rue Saint-Ange - Tranche 1,Syndicat Des Eaux Des Rocailles Et De Bellecombe,"74,73",2026-09-10,2026-10-02,TRAVAUX,Assainissement,"assainissement, réhabilitation, travaux",4,https://www.boamp.fr/pages/avis/?q=idweb:26-87849,boamp,2026-09-11T20:38:43
26-87920,Requalification De L'Ecole Primaire Chavanne A Saint Chamond - Lots 2 à 17,Mairie de Saint-Chamond,42,2026-09-10,,TRAVAUX,"Chauffage (travaux), Peinture (travaux), Plomberie (travaux), Terrassement","plomberie, terrassement, travaux",4,https://www.boamp.fr/pages/avis/?q=idweb:26-87920,boamp,2026-09-11T20:38:43
26-87936,"Travaux de passage de tronçons d'éclairages Rouen Vallée de Seine Logistique (Rvsl) aval en Led (Armoires a, C et B partiel)",Grand port fluvio maritime de l'axe Seine - Direction territoriale de Rouen,"76,14,27,60,80",2026-09-10,2026-10-26,TRAVAUX,"Electricité (travaux), Matériel électrique, Eclairage public","travaux, électricité",3,https://www.boamp.fr/pages/avis/?q=idweb:26-87936,boamp,2026-09-11T20:38:43
26-88043,Halle Du Repos - Travaux de sauvegarde des réserves du Musée / Muséum,Ville De Grenoble,38,2026-09-10,,TRAVAUX,"Electricité (travaux), Menuiserie, Serrurerie, Voirie et réseaux divers, Amiante (désamiantage)","menuiserie, réseau, réseaux, travaux, voirie, électricité",7,https://www.boamp.fr/pages/avis/?q=idweb:26-88043,boamp,2026-09-11T20:38:43
26-87953,DEPLOIEMENT ET MAINTENANCE D'UN SYSTEME DE VIDEO PROTECTION SUR  LA COMMUNE DE BREGNIER-CORDON,Mairie de Bregnier Cordon,1,2026-09-10,2026-10-22,TRAVAUX,Voirie et réseaux divers,"réseau, réseaux, voirie",4,https://www.boamp.fr/pages/avis/?q=idweb:26-87953,boamp,2026-09-11T20:38:43
26-87195,Aménagement d'une plaine des sports sur le site du stade Serzian - Lots 2/10/15/19,Ville Belfort,90,2026-09-10,2026-10-12,TRAVAUX,"Couverture, Equipement sportif, Gros oeuvre, Menuiserie, Voirie","aménagement, couverture, gros œuvre, menuiserie, voirie",6,https://www.boamp.fr/pages/avis/?q=idweb:26-87195,boamp,2026-09-11T20:38:43
26-87072,26TA13-Travaux d'aménagement d'une piste cyclable intercommunale sur le boulevard du Golf à Courdimanche et Cergy,Communauté  d'Agglomération de Cergy-Pontoise,95,2026-09-10,2026-09-17,TRAVAUX,Voirie et réseaux divers,"aménagement, réseau, réseaux, travaux, voirie",6,https://www.boamp.fr/pages/avis/?q=idweb:26-87072,boamp,2026-09-11T20:38:43
26-87297,"ACCORD CADRE DE TRAVAUX DE VOIRIE DES SERVICES DE L’ETAT, D ETABLISSEMENTS ET DE CERTAINS CENTRES HOSPITALIERS DE CORSE 2026",Secrétariat général pour les affaires de Corse. Plateforme régionale des achats de Corse,"20A,20B",2026-09-10,2026-10-16,TRAVAUX,Voirie et réseaux divers,"réseau, réseaux, travaux, voirie",5,https://www.boamp.fr/pages/avis/?q=idweb:26-87297,boamp,2026-09-11T20:38:43
26-87393,MARCHE DE CONCEPTION REALISATION EN VUE DE LA REHABILITATION D'UN ENSEMBLE DE 138 LOGEMENTS SITUES A RUE ROUEN DANS LA COMMUNE DE MANTES LA VILLE (78),LES RESIDENCES SOCIETE ANONYME D'HABITATIONS A LOYER MODERE,78,2026-09-10,2026-10-12,TRAVAUX,"Bâtiment, Tous corps d'état","bâtiment, réhabilitation",3,https://www.boamp.fr/pages/avis/?q=idweb:26-87393,boamp,2026-09-11T20:38:43
26-87270,TRAVAUX DE VOIRIE SUR LA COMMUNE DE SANARY SUR MER,Ville de Sanary sur Mer (83),83,2026-09-10,,TRAVAUX,"Voirie, Voirie et réseaux divers","réseau, réseaux, travaux, voirie",5,https://www.boamp.fr/pages/avis/?q=idweb:26-87270,boamp,2026-09-11T20:38:43
26-87626,Construction d'un conservatoire et d'un centre aéré - Relance lot 23 (Plomberie sanitaire) et 29 (Equipements scéniques),Ville de Meyzieu,69,2026-09-10,2026-10-02,TRAVAUX,"Plomberie (travaux), Matériel scénique, Bâtiment, Sanitaire","bâtiment, construction, plomberie, travaux",5,https://www.boamp.fr/pages/avis/?q=idweb:26-87626,boamp,2026-09-11T20:38:43
26-87628,Isolation des bâtiments du Groupement Hospitalier Portes de Provence (G.H.P.P.),Centre Hospitalier de Valence - Etablissement support Ght Dav,26,2026-09-10,,TRAVAUX,Isolation,"bâtiment, isolation",3,https://www.boamp.fr/pages/avis/?q=idweb:26-87628,boamp,2026-09-11T20:38:43
26-87833,Centre Technique TOUGAS - Création de bureaux,Nantes Métropole,44,2026-09-10,2026-10-09,TRAVAUX,Bâtiment,bâtiment,2,https://www.boamp.fr/pages/avis/?q=idweb:26-87833,boamp,2026-09-11T20:38:43
26-87752,Réalisation de pistes cyclables sur la RD 16 sur la commune de Noisy sur Ecole,Conseil départemental de Seine et Marne,77,2026-09-10,,TRAVAUX,Voirie,voirie,2,https://www.boamp.fr/pages/avis/?q=idweb:26-87752,boamp,2026-09-11T20:38:43
26-87889,"TRAVAUX D'EXTENSION ET DE RENOVATION DES BUREAUX DE L'ANNEXE DE LA COMMUNAUTE DE COMMUNES MEDOC ATLANTIQUE
1 route de Bordeaux 33121 CARCANS",Communauté de Communes Médoc Atlantique,33,2026-09-10,,TRAVAUX,Bâtiment,"bâtiment, extension, rénovation, travaux",5,https://www.boamp.fr/pages/avis/?q=idweb:26-87889,boamp,2026-09-11T20:38:43
26-87945,Travaux de sécurisation du lycée Melkior et Garre avant réhabilitation lourde,Collectivite Territoriale De Guyane,973,2026-09-10,,TRAVAUX,Bâtiment,"bâtiment, réhabilitation, travaux",4,https://www.boamp.fr/pages/avis/?q=idweb:26-87945,boamp,2026-09-11T20:38:43
26-87963,"Travaux de clôtures, portails, portillons au profit de l’école de gendarmerie de Chaumont (52)",Commandement des écoles de la gendarmerie nationale,52,2026-09-10,2026-10-07,TRAVAUX,Clôture,travaux,1,https://www.boamp.fr/pages/avis/?q=idweb:26-87963,boamp,2026-09-11T20:38:43
26-87983,TRAVAUX POUR LA RENOVATION ET L’EXTENSION DE LA SALLE COMMUNALE DE LESBOIS,SEM Laval Mayenne Aménagements,53,2026-09-10,2026-10-05,TRAVAUX,"Bardage, Charpente, Cloison, faux plafond, Couverture, Gros oeuvre, Isolation, Menuiserie","charpente, couverture, extension, gros œuvre, isolation, menuiserie, rénovation, travaux",9,https://www.boamp.fr/pages/avis/?q=idweb:26-87983,boamp,2026-09-11T20:38:43
26-88010,Creps de Bourges - Création de terrains de basket 3x3,Region Centre Val De Loire,45,2026-09-10,2026-10-12,TRAVAUX,"Carrelage, Electricité (travaux), Espaces verts, Terrassement, Terrain de sport","terrassement, travaux, électricité",4,https://www.boamp.fr/pages/avis/?q=idweb:26-88010,boamp,2026-09-11T20:38:43
26-88027,Marché de travaux relatif à l'entretien des bâtiments pour les besoins du CDEF93,CDEF 93,"93,77,78,91",2026-09-10,2026-10-19,TRAVAUX,"Electricité (travaux), Matériel de travaux publics, Peinture (travaux), Plomberie (travaux), Remembrement (travaux connexes)","bâtiment, plomberie, travaux, électricité",5,https://www.boamp.fr/pages/avis/?q=idweb:26-88027,boamp,2026-09-11T20:38:43
26-87175,Travaux d'asphalte nécessaires à l'entretien des voies communales et annexes de la Ville de Neuilly-sur-Seine,Ville de Neuilly-sur-Seine,92,2026-09-10,2026-10-12,TRAVAUX,Voirie,"travaux, voirie",3,https://www.boamp.fr/pages/avis/?q=idweb:26-87175,boamp,2026-09-11T20:38:43
26-87310,Groupe scolaire Schwilgué à Strasbourg : Lot Modulaires,Ville de Strasbourg,67,2026-09-10,2026-10-13,TRAVAUX,Bâtiments modulaires,bâtiment,2,https://www.boamp.fr/pages/avis/?q=idweb:26-87310,boamp,2026-09-11T20:38:43
26-87090,Marché Courants Faibles (CFA) en ligne et au SMR T13 Phase 2,Ile de France Mobilités,78,2026-09-10,2026-09-11,TRAVAUX,Electricité (travaux),"travaux, électricité",3,https://www.boamp.fr/pages/avis/?q=idweb:26-87090,boamp,2026-09-11T20:38:43
26-87168,"Marché de partenariat portant sur la conception, la construction, l'entretien, la maintenance et le financement d'un nouveau bâtiment pour le Pôle technique de CAP Excellence",Communauté d'agglomération CAP EXCELLENCE,971,2026-09-10,,TRAVAUX,Bâtiment,"bâtiment, construction",3,https://www.boamp.fr/pages/avis/?q=idweb:26-87168,boamp,2026-09-11T20:38:43
26-87444,Renouvellement de conduites d'eau potable au hameau de Beaunoyer à Alby-sur-Chéran,Grand Annecy,74,2026-09-09,,TRAVAUX,Alimentation en eau potable,,0,https://www.boamp.fr/pages/avis/?q=idweb:26-87444,boamp,2026-09-11T20:38:43
26-87440,Accord cadre de travaux d'électricité pour l'usine de traitement des eaux usées Aquapole,Grenoble Alpes Metropole,38,2026-09-09,2026-10-12,TRAVAUX,Electricité (travaux),"travaux, électricité",3,https://www.boamp.fr/pages/avis/?q=idweb:26-87440,boamp,2026-09-11T20:38:43
26-87488,"La consultation concerne les travaux de réfection des sanitaires du R+2 du bâtiment ABT au Centre en Route de la Navigation Aérienne à Mérignac 2 rue Eugène Chassaing, 33700 MERIGNAC.",DGAC SNIA,"33,75",2026-09-09,2026-10-02,TRAVAUX,"Electricité (travaux), Plomberie (travaux)","bâtiment, plomberie, réfection, travaux, électricité",6,https://www.boamp.fr/pages/avis/?q=idweb:26-87488,boamp,2026-09-11T20:38:43
26-87381,Travaux de construction d'un office de tourisme sur la commune de Pérouges - Reconsultation (8 lots),"Communauté de communes de la plaine de l'Ain, représentée par Jean-Louis Guyader, Président, 143 rue du Château",1,2026-09-09,2026-10-12,TRAVAUX,"Maçonnerie, Menuiserie, Métallerie, Charpente, Terrassement","charpente, construction, maçonnerie, menuiserie, terrassement, travaux",7,https://www.boamp.fr/pages/avis/?q=idweb:26-87381,boamp,2026-09-11T20:38:43
26-87288,"Aménagement des rues des Patis, du Routoir et Jean de la Fontaine",Commune de Barjouville (28),28,2026-09-09,2026-10-01,TRAVAUX,Voirie et réseaux divers,"aménagement, réseau, réseaux, voirie",5,https://www.boamp.fr/pages/avis/?q=idweb:26-87288,boamp,2026-09-11T20:38:43
26-87542,"MARCHE DE TRAVAUX DE PRIVATISATION, SECURISATION ET CREATION DE PLACES DE STATIONNEMENT DES PARKINGS AERIENS DE LA RESIDENCE COLONEL FABIEN A SAINT-DENIS (93200).",OPH Plaine Commune Habitat,93,2026-09-09,,TRAVAUX,Bâtiment,"bâtiment, travaux",3,https://www.boamp.fr/pages/avis/?q=idweb:26-87542,boamp,2026-09-11T20:38:43
26-87535,Travaux de remplacement de la production d’eau glacée (groupe froid) sur le site de l’Arche de l’UT2J,UNIVERSITE TOULOUSE II - JEAN JAURES,"9,11,30,31,32,81,82",2026-09-09,2026-10-09,TRAVAUX,"Climatisation, Equipement thermique, Ventilation",travaux,1,https://www.boamp.fr/pages/avis/?q=idweb:26-87535,boamp,2026-09-11T20:38:43
26-87525,"Travaux de débroussaillage, d'élagage et d'abattage d'arbres",Ville de Vidauban,83,2026-09-09,2026-10-05,TRAVAUX,Espaces verts,travaux,1,https://www.boamp.fr/pages/avis/?q=idweb:26-87525,boamp,2026-09-11T20:38:43
26-86936,"Sécurisation, renforcement des digues et revitalisation du Rhôny à Vergèze et Codognan",SM EPTB Vistre Vistrenque,30,2026-09-09,2026-10-12,TRAVAUX,Digue,,0,https://www.boamp.fr/pages/avis/?q=idweb:26-86936,boamp,2026-09-11T20:38:43
26-86726,Travaux de renouvellement des réseaux d'eaux usées et d'eau potable dans les rues St Julien et Hervé Marchand à Quimper,Quimper Bretagne Occidentale,29,2026-09-09,2026-10-09,TRAVAUX,Assainissement,"assainissement, réseau, réseaux, travaux",5,https://www.boamp.fr/pages/avis/?q=idweb:26-86726,boamp,2026-09-11T20:38:43
26-87028,Accord-cadre de travaux de réhabilitation sans tranchée des réseaux d’assainissement sur le territoire de l’Etablissement public territorial Grand Paris Grand Est,Etablissement public territorial Grand Paris Grand Est,93,2026-09-09,,TRAVAUX,Assainissement,"assainissement, réhabilitation, réseau, réseaux, travaux",6,https://www.boamp.fr/pages/avis/?q=idweb:26-87028,boamp,2026-09-11T20:38:43
26-87524,"Salle Polyvalente de Bessan - Lot n° 14 ""Plomberie, sanitaire, chauffage, ventilation, rafraichissement et GTB""",Commune de Bessan (34),34,2026-09-09,2026-10-01,TRAVAUX,"Ventilation, Chauffage (travaux)","plomberie, travaux",3,https://www.boamp.fr/pages/avis/?q=idweb:26-87524,boamp,2026-09-11T20:38:43
26-87531,Travaux de traitement antidérapant des dalles en BFUP des rampes et passerelles du Mucem,Mucem,13,2026-09-09,2026-10-05,TRAVAUX,"Peinture (travaux), Revêtements de sols",travaux,2,https://www.boamp.fr/pages/avis/?q=idweb:26-87531,boamp,2026-09-11T20:38:43
26-87580,travaux de pose d'un déflecteur pare-embâcle en pied d’une pile de la passerelle Chardonnet à Besançon (25),Grand Besançon Métropole,25,2026-09-09,2026-10-26,TRAVAUX,Ouvrage hydraulique,travaux,1,https://www.boamp.fr/pages/avis/?q=idweb:26-87580,boamp,2026-09-11T20:38:43
26-87596,Travaux de rénovation des vestiaires du personnel et construction d'une extension en toiture à l'Opéra Bastille (Lots n°1 à 5),Opéra national de Paris,75,2026-09-09,,TRAVAUX,Gros oeuvre,"construction, extension, gros œuvre, rénovation, toiture, travaux",7,https://www.boamp.fr/pages/avis/?q=idweb:26-87596,boamp,2026-09-11T20:38:43
26-87367,Travaux de couverture de la grange nord – Site du Polder littoral de la baie du Mont-Saint-Michel – Ferme de Palluel (Commune de Roz-sur-Couesnon – 35),CELRL 17,"17,35,22,56,44,53,50",2026-09-09,2026-10-09,TRAVAUX,Couverture,"couverture, travaux",3,https://www.boamp.fr/pages/avis/?q=idweb:26-87367,boamp,2026-09-11T20:38:43
26-87327,BALMA (31) – DGA TA – Mise en place d'infrastructure pour l'accueil tourelles TMS Fonsorbes,Service d'Infrastrcuture de la Défense Sud-Est,31,2026-09-09,2026-10-15,TRAVAUX,"Gros oeuvre, Electricité (travaux), Menuiserie, Peinture (travaux)","gros œuvre, menuiserie, travaux, électricité",5,https://www.boamp.fr/pages/avis/?q=idweb:26-87327,boamp,2026-09-11T20:38:43
26-87318,Annecy-le-Vieux  - Travaux de construction de la Maison d'Action Publique et Internationale (Mapi) - Lot n°12 Revêtements de sols souples,Département de la Haute-Savoie,74,2026-09-09,,TRAVAUX,Revêtements de sols,"construction, travaux",2,https://www.boamp.fr/pages/avis/?q=idweb:26-87318,boamp,2026-09-11T20:38:43
26-86770,"TRAVAUX SUR LES RESEAUX ET LES OUVRAGES HYDRAULIQUE, D'ASSAINISSEMENT ET D'EAU POTABLE",Grand Avignon,84,2026-09-09,2026-10-12,TRAVAUX,"Alimentation en eau potable, Assainissement, Ouvrage hydraulique","assainissement, réseau, réseaux, travaux",5,https://www.boamp.fr/pages/avis/?q=idweb:26-86770,boamp,2026-09-11T20:38:43
26-87005,Marché de travaux de désamiantage et d’embellissement des zones traitées dans le cadre de la rénovation thermique du lycée Gérard de Nerval à Luzarches (95),Région Ile de France,"95,93",2026-09-09,2026-10-09,TRAVAUX,Amiante (désamiantage),"rénovation, travaux",2,https://www.boamp.fr/pages/avis/?q=idweb:26-87005,boamp,2026-09-11T20:38:43
26-86965,Travaux d'aménagement de locaux,INSERM DR PEST,75,2026-09-09,2026-10-02,TRAVAUX,Electricité (travaux),"aménagement, travaux, électricité",4,https://www.boamp.fr/pages/avis/?q=idweb:26-86965,boamp,2026-09-11T20:38:43
26-86740,Construction d'un internat territorial,"CH DE RODEZ, établissement support du GHT DU ROUERGUE",12,2026-09-09,,TRAVAUX,Bâtiment,"bâtiment, construction",3,https://www.boamp.fr/pages/avis/?q=idweb:26-86740,boamp,2026-09-11T20:38:43
26-86938,"Prestations de curage, dépollution, désamiantage, déplombage préalables aux travaux 2026-2030",Ville du Havre,76,2026-09-09,,TRAVAUX,Amiante (désamiantage),travaux,1,https://www.boamp.fr/pages/avis/?q=idweb:26-86938,boamp,2026-09-11T20:38:43
26-86880,Travaux de parachèvement de la ligne 16 hors SDP,Société des grands projets,"75,77,78,91,92,93,94,95",2026-09-09,,TRAVAUX,Bâtiment,"bâtiment, travaux",3,https://www.boamp.fr/pages/avis/?q=idweb:26-86880,boamp,2026-09-11T20:38:43
26-87317,Aménagement d'une liaison apaisée avenue de la Pierre Longue 44 490 Le Croisic,Commune du Croisic,"44,56,85",2026-09-09,2026-10-09,TRAVAUX,Voirie,"aménagement, voirie",3,https://www.boamp.fr/pages/avis/?q=idweb:26-87317,boamp,2026-09-11T20:38:43
26-87280,Marché n°2026/002 - Remplacement des menuiseries extérieures de l'école maternelle Marie Jo-Besset,Ville de Vernon,27,2026-09-09,,TRAVAUX,Menuiserie,menuiserie,2,https://www.boamp.fr/pages/avis/?q=idweb:26-87280,boamp,2026-09-11T20:38:43
26-87454,Travaux d'aménagement paysager de la piste cyclable de la ZAC ECO HAMEAU DES GRANGES A LA MOTTE SERVOLEX (73290) - Lot 09,SOCIETE PUBLIQUE LOCALE DE LA SAVOIE,73,2026-09-09,2026-10-09,TRAVAUX,"Terrassement, Voirie, Espaces verts","aménagement, terrassement, travaux, voirie",5,https://www.boamp.fr/pages/avis/?q=idweb:26-87454,boamp,2026-09-11T20:38:43
26-87512,Rénovation des ouvrages d'art avenue de la Durance à Châteaurenard,Terre de Provence Agglomération,13,2026-09-09,2026-10-13,TRAVAUX,Ouvrage d'art,rénovation,1,https://www.boamp.fr/pages/avis/?q=idweb:26-87512,boamp,2026-09-11T20:38:43
26-87412,MARCHE DE TRAVAUX PREPARATOIRES POUR LA MISE EN SECURITE ET LA DEPOLLUTION DE L’ANCIENNE USINE SUCRIERE DE PIERREFONDS,SPL GRAND SUD,974,2026-09-09,2026-10-01,TRAVAUX,Amiante,travaux,1,https://www.boamp.fr/pages/avis/?q=idweb:26-87412,boamp,2026-09-11T20:38:43
26-87562,Réfection de toiture des bâtiments communaux de la ville d'Aytré,Ville d'Aytré,17,2026-09-09,,TRAVAUX,"Charpente, Couverture, Etanchéité","bâtiment, charpente, couverture, réfection, toiture, étanchéité",7,https://www.boamp.fr/pages/avis/?q=idweb:26-87562,boamp,2026-09-11T20:38:43
26-86677,Remplacement des unités de production d’eau glacée de l’hôpital Emile Muller 2 – Mulhouse,GHR MULHOUSE ET SUD ALSACE,68,2026-09-09,,TRAVAUX,"Gros oeuvre, Plomberie (travaux), Terrassement","gros œuvre, plomberie, terrassement, travaux",5,https://www.boamp.fr/pages/avis/?q=idweb:26-86677,boamp,2026-09-11T20:38:43
26-86899,Construction d'un groupe scolaire sur la commune de Fontaine (38 600),Ville de Fontaine,38,2026-09-09,,TRAVAUX,Gros oeuvre,"construction, gros œuvre",3,https://www.boamp.fr/pages/avis/?q=idweb:26-86899,boamp,2026-09-11T20:38:43
26-86748,"Marché public global de performance pour la conception, la construction et l'exploitation maintenance d'installations de production d'électricité photovoltaïque pour le Centre Hospitalier de ROUFFACH",GHR MULHOUSE ET SUD ALSACE,"67,68",2026-09-09,,TRAVAUX,Electricité (travaux),"construction, travaux, électricité",4,https://www.boamp.fr/pages/avis/?q=idweb:26-86748,boamp,2026-09-11T20:38:43
26-87438,Remplacement du réseau ondulé pour les besoins du CRPG,CNRS - Délégation Centre-Est,"54,57",2026-09-09,2026-10-02,TRAVAUX,"Electricité (travaux), Groupe électrogène, Onduleur","réseau, travaux, électricité",4,https://www.boamp.fr/pages/avis/?q=idweb:26-87438,boamp,2026-09-11T20:38:43
26-87477,Travaux de carénage du Ponton Pegase,Grand Port Maritime De Marseille,13,2026-09-09,2026-10-30,TRAVAUX,"Installation portuaire, Peinture (travaux), Amiante (désamiantage)",travaux,2,https://www.boamp.fr/pages/avis/?q=idweb:26-87477,boamp,2026-09-11T20:38:43
26-87538,Travaux d'amélioration des locaux de la SSHN du lycée Jean Moulin à Albertville (73),DEL - Direction de l éducation et des lycées,"73,69",2026-09-09,2026-10-07,TRAVAUX,"Isolation, Menuiserie, Electricité (travaux), Plomberie (travaux), Revêtements de sols","isolation, menuiserie, plomberie, travaux, électricité",6,https://www.boamp.fr/pages/avis/?q=idweb:26-87538,boamp,2026-09-11T20:38:43
26-87577,Modernisation de l’ascenseur principal de l’Arc de Triomphe (75),CMN..,75,2026-09-09,,TRAVAUX,"Ascenseur, Monuments historiques",,0,https://www.boamp.fr/pages/avis/?q=idweb:26-87577,boamp,2026-09-11T20:38:43
26-87571,REHABILITATION D'UNE GRANGE POUR CREATION D'UN ESPACE INTERGENERATIONNEL POLYVALENT,Commune d&#039;Arx,40,2026-09-09,2026-10-13,TRAVAUX,"Gros oeuvre, Charpente, Menuiserie, Plomberie (travaux), Electricité (travaux)","charpente, gros œuvre, menuiserie, plomberie, réhabilitation, travaux, électricité",8,https://www.boamp.fr/pages/avis/?q=idweb:26-87571,boamp,2026-09-11T20:38:43
26-87506,Enfouissement de réseaux et requalification de voirie de la rue de Bachambre et de la Sente Tonnerre à Oinville-sur-Montcient,Cu Grand Paris Seine & Oise,78,2026-09-09,2026-10-09,TRAVAUX,"Eclairage public, Voirie et réseaux divers","réseau, réseaux, voirie",4,https://www.boamp.fr/pages/avis/?q=idweb:26-87506,boamp,2026-09-11T20:38:43
26-87527,"RÉALISATION D'UN AUDIT ORGANISATIONNEL, DE GOUVERNANCE ET DE GESTION DE LEMA",Les Eaux de Mayotte (976),976,2026-09-09,2026-09-28,TRAVAUX,Audit,,0,https://www.boamp.fr/pages/avis/?q=idweb:26-87527,boamp,2026-09-11T20:38:43
26-86974,Reconstruction du pont sur l'Aurence,VILLE DE LIMOGES,87,2026-09-09,2026-09-30,TRAVAUX,"Gros oeuvre, Ouvrage d'art, Ouvrage d'infrastructure","construction, gros œuvre",3,https://www.boamp.fr/pages/avis/?q=idweb:26-86974,boamp,2026-09-11T20:38:43
26-87043,Marché d’accompagnement travaux préparatoires et de finitions pour l’extension du réseau de tramway vers la place Quatre Septembre,Métropole Aix Marseille Provence,13,2026-09-09,2026-10-08,TRAVAUX,"Voirie, Génie civil, Tous corps d'état","extension, génie civil, réseau, travaux, voirie",6,https://www.boamp.fr/pages/avis/?q=idweb:26-87043,boamp,2026-09-11T20:38:43
26-87271,Travaux de confortement de la charpente  du Centre des Cultures Urbaines,Commune d Angoulême,16,2026-09-09,2026-10-08,TRAVAUX,"Charpente, Bâtiment","bâtiment, charpente, travaux",4,https://www.boamp.fr/pages/avis/?q=idweb:26-87271,boamp,2026-09-11T20:38:43
26-87447,Rénovation du pont Bow-String sur la ravine Fontaine de Saint-Leu - 02 lots,Région Réunion,974,2026-09-09,2026-10-05,TRAVAUX,Ouvrage d'art,rénovation,1,https://www.boamp.fr/pages/avis/?q=idweb:26-87447,boamp,2026-09-11T20:38:43
26-87508,Réhabilitaton D'Un Batiment Existant Pour La Création De Bureaux A Langres,Chambre d'agriculture de Haute-Marne,52,2026-09-09,2026-10-09,TRAVAUX,"Carrelage, Electricité (travaux), Menuiserie, Peinture (travaux), Plomberie (travaux)","bâtiment, menuiserie, plomberie, travaux, électricité",6,https://www.boamp.fr/pages/avis/?q=idweb:26-87508,boamp,2026-09-11T20:38:43
26-87561,Réfection de toiture des bâtiments communaux de la ville d'Aytré,Ville d'Aytré,17,2026-09-09,,TRAVAUX,"Charpente, Couverture, Etanchéité","bâtiment, charpente, couverture, réfection, toiture, étanchéité",7,https://www.boamp.fr/pages/avis/?q=idweb:26-87561,boamp,2026-09-11T20:38:43
26-86741,Travaux de Génie Electrique sur le territoire de Grand Besançon Métropole,Grand Besançon Métropole,25,2026-09-09,2026-10-12,TRAVAUX,"Electricité (travaux), Matériel électrique","travaux, électricité",3,https://www.boamp.fr/pages/avis/?q=idweb:26-86741,boamp,2026-09-11T20:38:43
26-86903,DTEM2026-207AO_TX_ST_NICOLAS_CHU,49 CHU,49,2026-09-09,2026-11-05,TRAVAUX,Tous corps d'état,,0,https://www.boamp.fr/pages/avis/?q=idweb:26-86903,boamp,2026-09-11T20:38:43
26-86961,Concession d'aménagement pour la réalisation de la ZAC des Sablons située sur la commune de Changé (53810),COMMUNE DE CHANGE,53,2026-09-09,,TRAVAUX,Voirie et réseaux divers,"aménagement, réseau, réseaux, voirie",5,https://www.boamp.fr/pages/avis/?q=idweb:26-86961,boamp,2026-09-11T20:38:43
26-87302,"239001m - Commune de Rans - Travaux - Aménagement du centre bourg, création d'une halle ouverte et d'une salle de convivialité (39700) - 10 lots",Sidec du Jura,39,2026-09-09,2026-10-09,TRAVAUX,Bâtiment,"aménagement, bâtiment, travaux",4,https://www.boamp.fr/pages/avis/?q=idweb:26-87302,boamp,2026-09-11T20:38:43
26-87376,Marché de travaux pour la mise en oeuvre d'un système de Sprinklage des installations TRIGLAZ à Plouedern (29),SOTRAVAL SPL,29,2026-09-09,,TRAVAUX,"Matériaux de construction, Charpente, Espaces verts, Gros oeuvre, Matériel électronique","charpente, construction, gros œuvre, travaux",5,https://www.boamp.fr/pages/avis/?q=idweb:26-87376,boamp,2026-09-11T20:38:43
26-87399,2026-08 Remplacement Pompe Exhaure 3,Serpn,27,2026-09-09,2026-10-12,TRAVAUX,"Pompes, Station de pompage",,0,https://www.boamp.fr/pages/avis/?q=idweb:26-87399,boamp,2026-09-11T20:38:43
26-87353,Travaux de peinture structures métalliques et parements béton sur ouvrage d'art,Bordeaux Métropole,33,2026-09-09,,TRAVAUX,Peinture (travaux),travaux,2,https://www.boamp.fr/pages/avis/?q=idweb:26-87353,boamp,2026-09-11T20:38:43
26-87446,Travaux d'électricité courant fort et courant faible dans les bâtiments du Grand Annecy,Grand Annecy,74,2026-09-09,,TRAVAUX,Electricité (travaux),"bâtiment, travaux, électricité",4,https://www.boamp.fr/pages/avis/?q=idweb:26-87446,boamp,2026-09-11T20:38:43
26-87539,Travaux pour l'agence de Digne,IRC AG2R Agirc-Arrco,"4,5,6,84",2026-09-09,,TRAVAUX,"Menuiserie, Plomberie (travaux), Electricité (travaux), Amiante (désamiantage), Chauffage (travaux), Démolition, Gros oeuvre","démolition, gros œuvre, menuiserie, plomberie, travaux, électricité",7,https://www.boamp.fr/pages/avis/?q=idweb:26-87539,boamp,2026-09-11T20:38:43
26-87560,"Réhabilitation de la villa ""Le Sphinx"" en musée Miss France à Saint-Raphaël (83). Lot n°2 à 15",Commune de Saint-Raphaël,83,2026-09-09,,TRAVAUX,"Cloison, faux plafond, Electricité (travaux), Menuiserie, Plomberie (travaux)","menuiserie, plomberie, réhabilitation, travaux, électricité",6,https://www.boamp.fr/pages/avis/?q=idweb:26-87560,boamp,2026-09-11T20:38:43
26-87574,Relance marché des travaux de couverture du Centre Hospitalier de Ham,Centre hospitalier de Saint Quentin,2,2026-09-09,2026-09-29,TRAVAUX,"Couverture, Etanchéité, Bâtiment, Isolation","bâtiment, couverture, isolation, travaux, étanchéité",6,https://www.boamp.fr/pages/avis/?q=idweb:26-87574,boamp,2026-09-11T20:38:43
26-87293,"Travaux d'entretien des sites Inserm Délégation Régionale Auvergne, Rhône-Alpes",INSERM Rhône-Alpes Auvergne,69,2026-09-09,,TRAVAUX,"Carrelage, Cloison, faux plafond, Menuiserie, Peinture (travaux), Revêtements de sols, Serrurerie","menuiserie, travaux",3,https://www.boamp.fr/pages/avis/?q=idweb:26-87293,boamp,2026-09-11T20:38:43
26-87311,Travaux d'extension et de mise à niveau du dispositif de vidéoprotection et maintenance du parc de vidéoprotection sur la commune de Portes Lès Valence,Ville de Portes lès Valence,26,2026-09-09,2026-10-12,TRAVAUX,Télésurveillance,"extension, travaux",2,https://www.boamp.fr/pages/avis/?q=idweb:26-87311,boamp,2026-09-11T20:38:43
26-87344,TRAVAUX DE VIABILISATION DU MACRO-LOT ML10B DE LA ZAC DES VALLONS DU GRIFFOUL A CASTELNAUDARY (11400),THEMELIA,"81,11",2026-09-09,2026-10-19,TRAVAUX,Travaux de viabilité,travaux,2,https://www.boamp.fr/pages/avis/?q=idweb:26-87344,boamp,2026-09-11T20:38:43
26-87274,Réalisation de dispositifs naturels de réduction du ruissellement sur le sous bassin versant d'Hautot sur Mer,Smbv Saane Vienne Scie,"76,27",2026-09-09,2026-10-16,TRAVAUX,"Terrassement, Espaces verts",terrassement,2,https://www.boamp.fr/pages/avis/?q=idweb:26-87274,boamp,2026-09-11T20:38:43
26-87537,Création d'un local Vélo pour la SSHN du Lycée Jean Moulin à Albertville (73),DEL - Direction de l éducation et des lycées,"73,69",2026-09-09,2026-10-07,TRAVAUX,"Ouvrage métallique, Gros oeuvre",gros œuvre,2,https://www.boamp.fr/pages/avis/?q=idweb:26-87537,boamp,2026-09-11T20:38:43
26-87546,Travaux de dépoussiérage et désamiantage,Conseil Départemental de la Nièvre,58,2026-09-09,2026-10-09,TRAVAUX,"Amiante (désamiantage), Dépollution",travaux,1,https://www.boamp.fr/pages/avis/?q=idweb:26-87546,boamp,2026-09-11T20:38:43
26-87551,Remplacement du pertuis de Persigand à l'Huisserie et du pertuis de Boisseau à Saint-Jean-sur-Mayenne,Conseil Départemental de la Mayenne,53,2026-09-09,2026-10-06,TRAVAUX,Ecluse,,0,https://www.boamp.fr/pages/avis/?q=idweb:26-87551,boamp,2026-09-11T20:38:43
26-87469,Rénovation et agrandissement de l'aire d'accueil des gens du voyage de Passy,Communauté de Communes Pays du Mont Blanc,74,2026-09-09,2026-10-09,TRAVAUX,Aire d'accueil,rénovation,1,https://www.boamp.fr/pages/avis/?q=idweb:26-87469,boamp,2026-09-11T20:38:43
26-86765,Réalisation de l'ensemble des travaux de la 1ère phase d'exploitation de la Centrale thermofrigorifique de Montpellier SUD,Société d'Aménagement de Montpellier Méditerranée Métropole,34,2026-09-09,2026-10-08,TRAVAUX,Chauffage (travaux),travaux,2,https://www.boamp.fr/pages/avis/?q=idweb:26-86765,boamp,2026-09-11T20:38:43
26-86925,Travaux de viabilisation et aménagements définitifs - secteur Côteaux Quercie et autres travaux ponctuels connexes  - ZAC Les Pierrins à Cesson-Sévigné (35),SPLA VIASILVA,35,2026-09-09,2026-10-15,TRAVAUX,"Voirie et réseaux divers, Espaces verts, Eclairage public, Passerelle, Assainissement","aménagement, assainissement, réseau, réseaux, travaux, voirie",7,https://www.boamp.fr/pages/avis/?q=idweb:26-86925,boamp,2026-09-11T20:38:43
26-86819,"Travaux de construction d’une zone multitechnique pour l’entretien et la maintenance des engins, véhicules et petits matériels du RIISC1à NOGENT-LE-ROTROU",SGAMI OUEST,"28,37,72,41,45,61,49,27,78",2026-09-09,2026-10-20,TRAVAUX,"Gros oeuvre, Charpente, Terrassement, Chauffage (travaux), Couverture","charpente, construction, couverture, gros œuvre, terrassement, travaux",7,https://www.boamp.fr/pages/avis/?q=idweb:26-86819,boamp,2026-09-11T20:38:43
26-86981,VRD Salle Lemanski,Mairie de Samer,62,2026-09-09,2026-10-02,TRAVAUX,Voirie,"voirie, vrd",3,https://www.boamp.fr/pages/avis/?q=idweb:26-86981,boamp,2026-09-11T20:38:43
26-87031,"TRAVAUX, ENTRETIEN ET AMENAGEMENT DU PARC IMMOBILIER DU GHT COTE D'OPALE 
( Centre Hospitalier de Boulogne CHB/ Centre Hospitalier de Calais CHC / Institut Départemental Albert Calmette IDAC)
ACCOR...","Centre hospitalier de Boulogne sur mer 
Direction Territoriale des Achats",62,2026-09-09,2026-10-12,TRAVAUX,Gros oeuvre,"aménagement, gros œuvre, travaux",4,https://www.boamp.fr/pages/avis/?q=idweb:26-87031,boamp,2026-09-11T20:38:43
26-86900,Travaux intérieurs dans les bâtiments communaux - Lots 1 à 5,Mairie de Tremblay en france,93,2026-09-09,,TRAVAUX,Peinture (travaux),"bâtiment, travaux",3,https://www.boamp.fr/pages/avis/?q=idweb:26-86900,boamp,2026-09-11T20:38:43
26-86975,M26-09 - Travaux neufs et d'entretien des bâtiments et clôtures de la commune et du CCAS de Châtillon (92320),Commune de CHATILLON,92,2026-09-09,,TRAVAUX,Maçonnerie,"bâtiment, maçonnerie, travaux",4,https://www.boamp.fr/pages/avis/?q=idweb:26-86975,boamp,2026-09-11T20:38:43
26-87342,Marché de travaux pour la Construction d’une maison de santé pluriprofessionnelle et d’une résidence habitat inclusif pour personnes âgées à Vieux-Boucau - Lot 5 : Etanchéité,SATEL,"24,33,40,47,64",2026-09-09,2026-10-08,TRAVAUX,Etanchéité,"construction, travaux, étanchéité",4,https://www.boamp.fr/pages/avis/?q=idweb:26-87342,boamp,2026-09-11T20:38:43
26-87392,Rehabilitation De 18 Logements En Site Occupe En Lozere,Interrégionale Polygone,48,2026-09-09,2026-10-08,TRAVAUX,"Bâtiment, Tous corps d'état","bâtiment, réhabilitation",3,https://www.boamp.fr/pages/avis/?q=idweb:26-87392,boamp,2026-09-11T20:38:43
26-87278,"Remplacement câbles électriques, câbles instrumentations et câbles réseaux du Poste 8 situé sur le Port de Calais",Société d'Exploitation des Ports du Détroit,62,2026-09-09,2026-10-02,TRAVAUX,Câblage,"réseau, réseaux",2,https://www.boamp.fr/pages/avis/?q=idweb:26-87278,boamp,2026-09-11T20:38:43
26-87329,Travaux de mise en œuvre du décret BACS sur les sites du Rectorat d'Aix-Marseille et de la DSDEN des Bouches-du-Rhône et  de remplacement de la PAC sur le site du  Rectorat d’Aix-Marseille.,Région Académique Provence Alpes Côte d'Azur - DRAPIE,"13,84,83,4",2026-09-09,2026-10-12,TRAVAUX,"Bâtiment, Electricité (travaux), Chauffage (travaux), Climatisation","bâtiment, travaux, électricité",4,https://www.boamp.fr/pages/avis/?q=idweb:26-87329,boamp,2026-09-11T20:38:43
26-87372,"Travaux de restauration des intérieurs de l'église Saint-Martin de Flines-lez-Mortagne : Echafaudages, maçonnerie/gros oeuvre, plâtrerie, peinture et décors peints, menuiseries, électricité, chauff...",Mairie de Flines-lez-Mortagne Place Jean-Marie DECOBECQ 59158 FLINES-LEZ-MORTAGNE,"59,62",2026-09-09,2026-10-16,TRAVAUX,"Electricité (travaux), Chauffage (travaux), Menuiserie, Gros oeuvre, Peinture (travaux), Echafaudage, Plâtrerie","gros œuvre, maçonnerie, menuiserie, travaux, électricité",6,https://www.boamp.fr/pages/avis/?q=idweb:26-87372,boamp,2026-09-11T20:38:43
26-87502,"Marché de travaux pour la  Marché de travaux de réhabilitation et d’extension du restaurant le CANOË,  propriété de la commune de Valeyrac",Mairie de Valeyrac,33,2026-09-09,2026-10-09,TRAVAUX,Tous corps d'état,"extension, réhabilitation, travaux",3,https://www.boamp.fr/pages/avis/?q=idweb:26-87502,boamp,2026-09-11T20:38:43
26-87431,Construction d'une crèche garderie au bourg de Javouhey - Mana,Commune de Mana (973),973,2026-09-09,2026-10-12,TRAVAUX,"Bâtiment, Matériaux de construction","bâtiment, construction",3,https://www.boamp.fr/pages/avis/?q=idweb:26-87431,boamp,2026-09-11T20:38:43
26-87602,Marché de travaux d'investissements courants pour les bâtiments communaux de la ville d'Evry-Courcouronnes. (Mapa 2 2026),Commune d'évry-Courcouronnes,91,2026-09-09,2026-10-02,TRAVAUX,"Electricité (travaux), Menuiserie, Gros oeuvre","bâtiment, gros œuvre, menuiserie, travaux, électricité",6,https://www.boamp.fr/pages/avis/?q=idweb:26-87602,boamp,2026-09-11T20:38:43
26-86911,Construction du Pôle Sportif - Quartier de la Dame Blanche Nord - Garges-lès Gonesse,Mairie de Garges-lès-Gonesse,"95,75,78,92",2026-09-09,2026-09-04,TRAVAUX,Bâtiment,"bâtiment, construction",3,https://www.boamp.fr/pages/avis/?q=idweb:26-86911,boamp,2026-09-11T20:38:43
26-86821,"Construction d'un pôle d'activités nautiques, économiques et événementielles aux Sables d'Olonne - APPEL D'OFFRES (Lots 01 à 21, hors lots 07, 08, 09 et 12)",Vendée Expansion - SEM,85,2026-09-09,2026-10-14,TRAVAUX,"Terrassement, Fondations spéciales, Gros oeuvre, Charpente, Etanchéité, Bardage, Cloison, faux plafond, Revêtements de sols, Revêtements muraux, Peinture (travaux), Nettoyage de locaux, Ascenseur, Chauffage (travaux), Ventilation, Plomberie (travaux), Electricité (travaux), Cuisine (équipement)","charpente, construction, gros œuvre, plomberie, terrassement, travaux, électricité, étanchéité",9,https://www.boamp.fr/pages/avis/?q=idweb:26-86821,boamp,2026-09-11T20:38:43
26-86839,Marché de dévoiement des réseaux humides pour l’extension du réseau de tramway vers la place du Quatre Septembre,Métropole Aix Marseille Provence,13,2026-09-09,,TRAVAUX,Travaux dans l'eau,"extension, réseau, réseaux, travaux",5,https://www.boamp.fr/pages/avis/?q=idweb:26-86839,boamp,2026-09-11T20:38:43
26-87001,FOURNITURE ET POSE DE CLOTURES ET PORTAILS SUR LES SITES ET PARCELLES DE TOURS METROPOLE VAL DE LOIRE ET VILLE DE TOURS,Tours métropole Val de Loire,37,2026-09-09,,TRAVAUX,"Clôture, Porte automatique, portail",,0,https://www.boamp.fr/pages/avis/?q=idweb:26-87001,boamp,2026-09-11T20:38:43
26-86970,Rénovation des toitures de la Médiathèque départementale de l'Isère - Etancheité zinguerie metallerie,Département de l'Isère,38,2026-09-08,2026-10-09,TRAVAUX,"Etanchéité, Zinguerie","rénovation, toiture, étanchéité",4,https://www.boamp.fr/pages/avis/?q=idweb:26-86970,boamp,2026-09-11T20:38:43
26-86928,Marché de travaux portant sur la remise en état des locaux des bâtiments 1 et 7 de l'école élémentaire des romains,Ville de Strasbourg,67,2026-09-08,2026-10-13,TRAVAUX,"Electricité (travaux), Menuiserie, Peinture (travaux), Plomberie (travaux)","bâtiment, menuiserie, plomberie, travaux, électricité",6,https://www.boamp.fr/pages/avis/?q=idweb:26-86928,boamp,2026-09-11T20:38:43
26-86995,Travaux de ventilation des Intitulé du marché : amphithéâtres A10 & 11 sur le site principal de l’Université Paris Dauphine - PSL.,Université Paris Dauphine-PSL,75,2026-09-08,,TRAVAUX,"Ventilation, Chauffage (travaux)",travaux,2,https://www.boamp.fr/pages/avis/?q=idweb:26-86995,boamp,2026-09-11T20:38:43
26-87122,TRAVAUX D'AMENAGEMENT ET D'ENTRETIEN DES BATIMENTS - GROUPEMENT DE COMMANDES - LOT 7 - MENUISERIES INTERIEURES,COMMUNE DE CHOLET,"44,49,85",2026-09-08,2026-10-16,TRAVAUX,Menuiserie,"aménagement, bâtiment, menuiserie, travaux",5,https://www.boamp.fr/pages/avis/?q=idweb:26-87122,boamp,2026-09-11T20:38:43
26-87037,GESTION DES EAUX PLUVIALES INTERNES DU SITE DE THIEULLOY L'ABBAYE,TRINOVAL,80,2026-09-08,,TRAVAUX,Réseaux divers,"réseau, réseaux",3,https://www.boamp.fr/pages/avis/?q=idweb:26-87037,boamp,2026-09-11T20:38:43
26-86844,Réparation des ouvrages des réseaux d'eaux pluviales sur le territoire de la communauté de communes Terres d'Argentan Interco,Communauté de communes Terres d'Argentan Interco,61,2026-09-08,2026-10-09,TRAVAUX,Réseaux divers,"réseau, réseaux",3,https://www.boamp.fr/pages/avis/?q=idweb:26-86844,boamp,2026-09-11T20:38:43
26-87018,Extension des emprises foncières du Centre Technique Communautaire à Thionville (57),Thionville Fensch Agglomération,57,2026-09-08,2026-10-12,TRAVAUX,"Clôture, Espaces verts, Voirie et réseaux divers","extension, réseau, réseaux, voirie",5,https://www.boamp.fr/pages/avis/?q=idweb:26-87018,boamp,2026-09-11T20:38:43
26-87049,"CHU de Brest - Carhaix - Bâtiment MCO - Travaux de restructuration des activités d'odontologie, d'endoscopie et de stérilisation",29 CHRU,29,2026-09-08,2026-10-01,TRAVAUX,"Métallerie, Menuiserie, Revêtements de sols, Peinture (travaux), Chauffage (travaux), Ventilation, Plomberie (travaux), Sanitaire, Electricité (travaux)","bâtiment, menuiserie, plomberie, travaux, électricité",6,https://www.boamp.fr/pages/avis/?q=idweb:26-87049,boamp,2026-09-11T20:38:43
26-86905,SGAMI33-2026-27-TX Travaux de sûreté bâtimentaire et d'aménagement de locaux dans l’Hôtel de Police de Pau (64),SGAMI SUD-OUEST,"64,33",2026-09-08,,TRAVAUX,Surveillance,"aménagement, bâtiment, travaux",3,https://www.boamp.fr/pages/avis/?q=idweb:26-86905,boamp,2026-09-11T20:38:43
26-87150,Accord cadre pour un marché de travaux de réhabilitation sans tranchée de réseaux d'assainissement,SIAVOS EU,95,2026-09-08,2026-10-12,TRAVAUX,Assainissement,"assainissement, réhabilitation, réseau, réseaux, travaux",6,https://www.boamp.fr/pages/avis/?q=idweb:26-87150,boamp,2026-09-11T20:38:43
26-87101,Renouvellement d'une canalisation d'eau potable - Tranche 1 - Entre le Bourg (Cimetière) et le lieu dit Maison Neuve Courdreceau,COMMUNE DE ARCISSES,28,2026-09-08,2026-10-05,TRAVAUX,Alimentation en eau potable,,0,https://www.boamp.fr/pages/avis/?q=idweb:26-87101,boamp,2026-09-11T20:38:43
26-87182,Travaux de réparation et de restauration des ouvrages d'art du chemin vert du Petit Caux,Communaute De Communes Falaises Du Talou,76,2026-09-08,2026-10-14,TRAVAUX,Ouvrage d'art,travaux,1,https://www.boamp.fr/pages/avis/?q=idweb:26-87182,boamp,2026-09-11T20:38:43
26-87245,Mise en conformité Deci du quai de transfert de Livet Gavet,Communauté de communes de l'Oisans,38,2026-09-08,2026-09-28,TRAVAUX,Ouvrage d'infrastructure,,0,https://www.boamp.fr/pages/avis/?q=idweb:26-87245,boamp,2026-09-11T20:38:43
26-87144,"Réhabilitation énergétique de 57 logements collectifs ""Lesueur"" - 41000 Blois",Loir&Cher Logement,41,2026-09-08,,TRAVAUX,"Electricité (travaux), Menuiserie, Ventilation","menuiserie, réhabilitation, travaux, électricité",5,https://www.boamp.fr/pages/avis/?q=idweb:26-87144,boamp,2026-09-11T20:38:43
26-87133,"Le présent marché public porte sur les travaux de rénovation des kitchenettes des résidences suivantes :
- Résidence Notre Dame, composée de 90 logements de typologies différe",Crous de Toulouse-Occitanie,"31,81,82,32,11,46,65",2026-09-08,2026-10-02,TRAVAUX,Bâtiment,"bâtiment, rénovation, travaux",4,https://www.boamp.fr/pages/avis/?q=idweb:26-87133,boamp,2026-09-11T20:38:43
26-87178,PEINTURE ET REVÊTEMENTS DE SOLS PVC,SEISAAM,55,2026-09-08,2026-09-21,TRAVAUX,"Peinture (travaux), Revêtements de sols",travaux,2,https://www.boamp.fr/pages/avis/?q=idweb:26-87178,boamp,2026-09-11T20:38:43
26-87077,Travaux d'étanchéité multi-sites,Crous Nice-Toulon,6,2026-09-08,,TRAVAUX,Etanchéité,"travaux, étanchéité",3,https://www.boamp.fr/pages/avis/?q=idweb:26-87077,boamp,2026-09-11T20:38:43
26-87107,TRAVAUX DE REQUALIFICATION CENTRE-VILLE - PHASE 2,Commune de Loon-Plage (59),59,2026-09-08,2026-10-12,TRAVAUX,"Terrassement, Eclairage public, Espaces verts, Voirie et réseaux divers","réseau, réseaux, terrassement, travaux, voirie",6,https://www.boamp.fr/pages/avis/?q=idweb:26-87107,boamp,2026-09-11T20:38:43
26-87242,Marché de renaturation Cour du Pôle Hubert Reeves à Louvigny (14111),Ville de Louvigny,14,2026-09-08,2026-09-30,TRAVAUX,"Espaces verts, Voirie et réseaux divers, Terrassement","réseau, réseaux, terrassement, voirie",5,https://www.boamp.fr/pages/avis/?q=idweb:26-87242,boamp,2026-09-11T20:38:43
26-87138,Aménagement de créneau de dépassement sur la Rt40 - Secteur de Taccana (Communes d'Albitreccia et  de Cardo-Torgia ),Collectivité de Corse,20A,2026-09-08,,TRAVAUX,"Terrassement, Voirie et réseaux divers","aménagement, réseau, réseaux, terrassement, voirie",6,https://www.boamp.fr/pages/avis/?q=idweb:26-87138,boamp,2026-09-11T20:38:43
26-86870,création d’une plateforme multi-sports de type City Stade-.,Commune de  Grugies,"2,59,51,60,80,62",2026-09-08,2026-10-30,TRAVAUX,Ouvrage d'infrastructure,,0,https://www.boamp.fr/pages/avis/?q=idweb:26-86870,boamp,2026-09-11T20:38:43
26-86935,Programme travaux voirie 2026,Mairie Aigues-Vives,"30,34,13,84",2026-09-08,2026-10-02,TRAVAUX,Voirie,"travaux, voirie",3,https://www.boamp.fr/pages/avis/?q=idweb:26-86935,boamp,2026-09-11T20:38:43
26-86971,Projet Restructuration Et Agrandissement De La Salle De Regulation Du Samu Et De La Salle De Crise Du Pavillon 5 - Relance Des Lots 3 Et 8 De La Precedente Consultation,Groupement Hospitalier de Territoire de l'Indre,36,2026-09-08,2026-10-09,TRAVAUX,"Chauffage (travaux), Plâtrerie",travaux,2,https://www.boamp.fr/pages/avis/?q=idweb:26-86971,boamp,2026-09-11T20:38:43
26-86901,Travaux d'aménagement des espaces extérieurs de l'Hôpital Saint-Julien à PETIT QUEVILLY,CHU ROUEN NORMANDIE,76,2026-09-08,2026-10-02,TRAVAUX,Voirie et réseaux divers,"aménagement, réseau, réseaux, travaux, voirie",6,https://www.boamp.fr/pages/avis/?q=idweb:26-86901,boamp,2026-09-11T20:38:43
26-87186,"Agrandissement de la salle de réveil, aménagement de l'accueil et compartimentage de bloc opératoire du Centre Hospitalier Saint-Brieuc-Paimpol-Tréguier - Site de Saint-Brieuc",Ch de Saint-Brieuc/Paimpol/Tréguier - Etablissement support du Ght d'Armor,22,2026-09-08,2026-10-09,TRAVAUX,Bâtiment,"aménagement, bâtiment",3,https://www.boamp.fr/pages/avis/?q=idweb:26-87186,boamp,2026-09-11T20:38:43
26-87157,"Travaux de remplacement de menuiseries, réfection des façades et réfection de la cour",DI Lille,"59,62",2026-09-08,2026-10-13,TRAVAUX,"Menuiserie, Serrurerie, Réseaux divers, Maçonnerie, Echafaudage","maçonnerie, menuiserie, réfection, réseau, réseaux, travaux",7,https://www.boamp.fr/pages/avis/?q=idweb:26-87157,boamp,2026-09-11T20:38:43
26-87232,Rénovation et maintenance d'éclairage public,Commune d'Ecommoy,72,2026-09-08,2026-10-08,TRAVAUX,Eclairage public,rénovation,1,https://www.boamp.fr/pages/avis/?q=idweb:26-87232,boamp,2026-09-11T20:38:43
26-86440,Accord-cadre pour la maintenance et l'entretien du patrimoine bâti de la région Centre-Val de Loire 2027-2030 Lots électricité et VRD,REGION CENTRE VAL DE LOIRE,45,2026-09-08,2026-10-12,TRAVAUX,"Electricité (travaux), Voirie et réseaux divers","réseau, réseaux, travaux, voirie, vrd, électricité",7,https://www.boamp.fr/pages/avis/?q=idweb:26-86440,boamp,2026-09-11T20:38:43
26-86473,"ACCORD-CADRE A MARCHES SUBSEQUENTS POUR TRAVAUX PROGRAMMES DE MODERNISATION ENERGETIQUE DES BATIMENTS – CVC, ENR, GTB, PHOTOVOLTAÏQUE ET INSTALLATIONS TECHNIQUES",Ville de Chartres (28),28,2026-09-08,2026-10-08,TRAVAUX,Chauffage (travaux),"bâtiment, travaux",3,https://www.boamp.fr/pages/avis/?q=idweb:26-86473,boamp,2026-09-11T20:38:43
26-86558,Travaux d'entretien et de réparation du patrimoine bâti. Groupement de commande entre la Ville de LIEVIN (coordonnateur du groupement) et le C.C.A.S. de LIEVIN,Ville Liévin,62,2026-09-08,,TRAVAUX,"Electricité (travaux), Gros oeuvre, Menuiserie, Peinture (travaux), Plomberie (travaux)","gros œuvre, menuiserie, plomberie, travaux, électricité",6,https://www.boamp.fr/pages/avis/?q=idweb:26-86558,boamp,2026-09-11T20:38:43
26-86948,Travaux de dépose et pose de deux chaudières à condensation à la préfecture de région Bretagne (35),SGCD35,35,2026-09-08,,TRAVAUX,Chauffage (travaux),travaux,2,https://www.boamp.fr/pages/avis/?q=idweb:26-86948,boamp,2026-09-11T20:38:43
26-86953,Rénovation de l'accueil du bâtiment DOURVEN - Département des Côtes d'Armor (SAINT BRIEUC 22000),Département des Côtes d'Armor,"22,29,35,53,56",2026-09-08,2026-10-09,TRAVAUX,"Charpente, Couverture, Maçonnerie, Menuiserie","bâtiment, charpente, couverture, maçonnerie, menuiserie, rénovation",7,https://www.boamp.fr/pages/avis/?q=idweb:26-86953,boamp,2026-09-11T20:38:43
26-87045,Travaux de faux plafonds démontables,Commune de Montigny-lès-Cormeilles,95,2026-09-08,2026-10-12,TRAVAUX,"Cloison, faux plafond",travaux,1,https://www.boamp.fr/pages/avis/?q=idweb:26-87045,boamp,2026-09-11T20:38:43
26-87067,"Fabrication, dépose et pose des panneaux de signalisation du Vignoble Gaillacois",Departement Du Tarn,81,2026-09-08,2026-10-09,TRAVAUX,"Signalisation, Panneaux",,0,https://www.boamp.fr/pages/avis/?q=idweb:26-87067,boamp,2026-09-11T20:38:43
26-86882,Travaux De Reprise De Malfacons Et De Reserves Non Levees Du Lot Carrelage Du Chambery Savoie Stadium,Ville de Chambéry,73,2026-09-08,2026-09-29,TRAVAUX,Carrelage,travaux,1,https://www.boamp.fr/pages/avis/?q=idweb:26-86882,boamp,2026-09-11T20:38:43
26-86987,"Travaux de désamiantage, déplombage et curage du niveau 7 du bâtiment d'hospitalisation",INSTITUT BERGONIE,33,2026-09-08,2026-10-08,TRAVAUX,"Amiante (désamiantage), Curage","bâtiment, travaux",2,https://www.boamp.fr/pages/avis/?q=idweb:26-86987,boamp,2026-09-11T20:38:43
26-86943,26m0158pa - Travaux de renouvellement de la canalisation d'eau potable - Commune de  Quint-Fonsegrives - Route de la Saune,Toulouse Métropole,31,2026-09-08,,TRAVAUX,Canalisations,travaux,1,https://www.boamp.fr/pages/avis/?q=idweb:26-86943,boamp,2026-09-11T20:38:43
26-86913,"Travaux de traitement des façades de la future Ludomédiathèque, dans l'immeuble situé 16 Place Saint-Michel à Quimperlé (29)",Ville de Quimperlé,"22,29,35,44,56",2026-09-08,2026-09-30,TRAVAUX,"Isolation, Peinture (travaux), Ravalement","isolation, travaux",3,https://www.boamp.fr/pages/avis/?q=idweb:26-86913,boamp,2026-09-11T20:38:43
26-87081,Travaux de régénération des enrobés chaussées dans la Zone Industrielle de la Hardt,COMMUNE DE MOLSHEIM,67,2026-09-08,2026-10-08,TRAVAUX,Voirie,"enrobé, travaux, voirie",4,https://www.boamp.fr/pages/avis/?q=idweb:26-87081,boamp,2026-09-11T20:38:43
26-87095,TRAVAUX DE RESTAURATION DU MECANISME HYDRAULIQUE DE LA GRANDE SALINE,Syndicat Mixte de la Grande Saline (39),39,2026-09-08,2026-10-05,TRAVAUX,"Charpente, Mécanique, Monuments historiques","charpente, travaux",3,https://www.boamp.fr/pages/avis/?q=idweb:26-87095,boamp,2026-09-11T20:38:43
26-87166,Curage-déconstruction-désamiantage-déplombage-confortement de l'ancien cinéma et création d'un mur de clôture,Commune de Marly le Roi,78,2026-09-08,2026-10-16,TRAVAUX,"Démolition, Amiante (désamiantage)","construction, démolition",3,https://www.boamp.fr/pages/avis/?q=idweb:26-87166,boamp,2026-09-11T20:38:43
26-87183,Extension de la Za de l'oratoire sur la commune de Petit-Caux (Biville sur Mer),Communaute De Communes Falaises Du Talou,76,2026-09-08,2026-10-14,TRAVAUX,Voirie et réseaux divers,"extension, réseau, réseaux, voirie",5,https://www.boamp.fr/pages/avis/?q=idweb:26-87183,boamp,2026-09-11T20:38:43
26-87201,Travaux Etanchéification de la Digue de l'Yèvre et Restauration de l'Ouvrage des Iv Pelles,Ville Bourges,18,2026-09-08,2026-10-08,TRAVAUX,Digue,travaux,1,https://www.boamp.fr/pages/avis/?q=idweb:26-87201,boamp,2026-09-11T20:38:43
26-87135,Fourniture et remplacement de 2 Ponts brosses station d'épuration,Ville de La Flèche,72,2026-09-08,2026-10-09,TRAVAUX,Station d'épuration (travaux),travaux,2,https://www.boamp.fr/pages/avis/?q=idweb:26-87135,boamp,2026-09-11T20:38:43
26-87032,Construction des nouvelles stations d’épuration des eaux usées sur les communes de la Tour et Marie - Vallée de la Tinée – 2 lots,Régie Eau d'Azur (06),6,2026-09-08,,TRAVAUX,Assainissement,"assainissement, construction",3,https://www.boamp.fr/pages/avis/?q=idweb:26-87032,boamp,2026-09-11T20:38:43
26-87035,TRAVAUX DE RÉNOVATION DE L'ÉCOLE ÉLÉMENTAIRE ECHAT MOIRABOU - POST CHIDO,Mairie de Bandraboua,976,2026-09-08,2026-10-05,TRAVAUX,Ouvrage d'infrastructure,"rénovation, travaux",2,https://www.boamp.fr/pages/avis/?q=idweb:26-87035,boamp,2026-09-11T20:38:43
26-86872,Travaux de sûreté bâtimentaire et d'aménagement des locaux sur le site de l'Hôtel de Police de Bordeaux,SGAMI SUD-OUEST,33,2026-09-08,2026-09-28,TRAVAUX,Surveillance,"aménagement, bâtiment, travaux",3,https://www.boamp.fr/pages/avis/?q=idweb:26-86872,boamp,2026-09-11T20:38:43
26-86999,Marché de travaux pour la création d'un atelier de découpe et de transformation de viande à Coulombiers (86600) - Relances les lots n°14 et 15,Grand Poitiers Communauté Urbaine,86,2026-09-08,2026-09-25,TRAVAUX,"Bâtiment, Electricité (travaux)","bâtiment, travaux, électricité",4,https://www.boamp.fr/pages/avis/?q=idweb:26-86999,boamp,2026-09-11T20:38:43
26-86977,Travaux de réfection de peinture pour les bâtiments communaux et le Ccas pour les années 2026-2027-2028 et 2029,Commune De Six-Fours-Les-Plages,83,2026-09-08,,TRAVAUX,Peinture (travaux),"bâtiment, réfection, travaux",4,https://www.boamp.fr/pages/avis/?q=idweb:26-86977,boamp,2026-09-11T20:38:43
26-86946,Travaux de rénovation énergétique et réaménagements intérieurs du CDAS de Brest Lambézellec - Relance du lot 2 - Couverture et Charpentes,Département du Finistère,29,2026-09-08,2026-10-01,TRAVAUX,Décoration (travaux),"aménagement, charpente, couverture, rénovation, travaux",6,https://www.boamp.fr/pages/avis/?q=idweb:26-86946,boamp,2026-09-11T20:38:43
26-87164,Travaux de peintures intérieures de la tour du Phare de Grave – Commune du VERDON-SUR-MER (33),Conservatoire du littoral,"33,17,47,40,24,16",2026-09-08,2026-10-08,TRAVAUX,Peinture (travaux),travaux,2,https://www.boamp.fr/pages/avis/?q=idweb:26-87164,boamp,2026-09-11T20:38:43
26-87230,Accord cadre à marché subséquent multi attributaire pour les travaux de création et ou des requalification d'aires de jeux de la Ville de Pontoise,Ville de Pontoise,95,2026-09-08,2026-10-05,TRAVAUX,Voirie,"travaux, voirie",3,https://www.boamp.fr/pages/avis/?q=idweb:26-87230,boamp,2026-09-11T20:38:43
26-86505,"Fourniture, mise en service et location d'une unité provisoire de traitement sur la station d'épuration de la commune de Treillières",Cté de Communes d'Erdre et Gesvres,44,2026-09-08,2026-11-02,TRAVAUX,Station d'épuration (travaux),travaux,2,https://www.boamp.fr/pages/avis/?q=idweb:26-86505,boamp,2026-09-11T20:38:43
26-86619,Régénération préalable à la modernisation des écluses du canal du Centre – Travaux de changement de portes et de génie civil,Voies Navigables de France - DTCB,"71,21,58,3,42,69,1,39",2026-09-08,2026-10-12,TRAVAUX,Ecluse,"génie civil, travaux",2,https://www.boamp.fr/pages/avis/?q=idweb:26-86619,boamp,2026-09-11T20:38:43
26-86420,Construction d’une sculpture métallique sur la nouvelle esplanade de l’ESAD de Reims-.,C3C Services Urbains,51,2026-09-08,2026-10-08,TRAVAUX,Métallerie,construction,1,https://www.boamp.fr/pages/avis/?q=idweb:26-86420,boamp,2026-09-11T20:38:43
26-86553,Travaux « urgences réseaux » dans le cadre du projet ECOCAMPUS -Aménagement des espaces extérieurs du campus Cité scientifique à Villeneuve d’Ascq,UNIVERSITE DE LILLE,"59,62,60",2026-09-08,2026-09-24,TRAVAUX,"Electricité (travaux), Alimentation en eau potable","aménagement, réseau, réseaux, travaux, électricité",6,https://www.boamp.fr/pages/avis/?q=idweb:26-86553,boamp,2026-09-11T20:38:43
26-86632,"Equipements et Travaux HT/BT, traction et câblages en ligne pour la réalisation de la ligne 17 tronçon 17.3 du réseau du Grand Paris Express",Société des grands projets,"75,77,78,91,92,93,94,95",2026-09-08,,TRAVAUX,"Equipement industriel, Electricité (travaux)","réseau, travaux, électricité",4,https://www.boamp.fr/pages/avis/?q=idweb:26-86632,boamp,2026-09-11T20:38:43
26-87039,Etudes géotechniques pour la création des systèmes d’assainissement de Tourville-sur-Pont-Audemer et Les Préaux et les travaux de réhabilitation des réseaux d’assainissement du secteur de Pont-Audemer,Communauté de communes Pont-Audemer Val de Risle,27,2026-09-08,2026-10-15,TRAVAUX,Assainissement,"assainissement, réhabilitation, réseau, réseaux, travaux",6,https://www.boamp.fr/pages/avis/?q=idweb:26-87039,boamp,2026-09-11T20:38:43
26-87048,"Travaux d’aménagement cyclable de l’EuroVélo 8 en Pays de Fayence
Section Tourrettes-Callian-Montauroux",Communauté de Communes du Pays de Fayence (83),83,2026-09-08,2026-10-08,TRAVAUX,"Voirie, Passerelle","aménagement, travaux, voirie",4,https://www.boamp.fr/pages/avis/?q=idweb:26-87048,boamp,2026-09-11T20:38:43
26-87225,Travaux de réhabilitation de captage de Bourdainville,SMAEPA de la Région d'Yerville,76,2026-09-08,2026-10-15,TRAVAUX,"Alimentation en eau potable, Captage","réhabilitation, travaux",2,https://www.boamp.fr/pages/avis/?q=idweb:26-87225,boamp,2026-09-11T20:38:43
26-86927,Marche De Conception - Realisation Pour  La Rehabilitation  Du Groupe Scolaire  A Andilly (74350),Communauté de Communes du Pays de Cruseilles,74,2026-09-08,,TRAVAUX,Bâtiment,"bâtiment, réhabilitation",3,https://www.boamp.fr/pages/avis/?q=idweb:26-86927,boamp,2026-09-11T20:38:43
26-86888,Rénovation de 2 logements d'habitation,Mairie de Torreilles,66,2026-09-08,2026-09-30,TRAVAUX,"Plomberie (travaux), Peinture (travaux), Electricité (travaux), Menuiserie, Prestations de services","menuiserie, plomberie, rénovation, travaux, électricité",6,https://www.boamp.fr/pages/avis/?q=idweb:26-86888,boamp,2026-09-11T20:38:43
26-87033,Reconstruction de la caserne de sapeurs-pompiers de Saint-Martin-d’Hères (38400),Sdis de l'Isère,"7,26,38,69,73",2026-09-08,,TRAVAUX,Bâtiment,"bâtiment, construction",3,https://www.boamp.fr/pages/avis/?q=idweb:26-87033,boamp,2026-09-11T20:38:43
26-86919,"Ravalement de trois façades de la Villa Jasmin (façade ouest, nord et est)",MAIRIE DE MENTON,6,2026-09-08,2026-10-02,TRAVAUX,Ravalement,,0,https://www.boamp.fr/pages/avis/?q=idweb:26-86919,boamp,2026-09-11T20:38:43
26-86896,Construction d'un bâtiment d'exploitation au golf Rochefort Océan sur la commune de Saint Laurent de la Prée,Communauté d'agglomération Rochefort Océan,17,2026-09-08,,TRAVAUX,Bâtiment,"bâtiment, construction",3,https://www.boamp.fr/pages/avis/?q=idweb:26-86896,boamp,2026-09-11T20:38:43
26-86878,"Travaux d’inspection, de purges et de renforcements ponctuels des maçonneries - Campagnes 2027 à 2030",Centre des monuments nationaux,75,2026-09-08,2026-09-30,TRAVAUX,Monuments historiques,"maçonnerie, travaux",2,https://www.boamp.fr/pages/avis/?q=idweb:26-86878,boamp,2026-09-11T20:38:43
26-87136,Travaux de réaménagements des pôles 3 et 5 de la bibliothèque des Champs Libres,Rennes Métropole,35,2026-09-08,2026-09-30,TRAVAUX,"Electricité (travaux), Menuiserie, Peinture (travaux), Revêtements de sols","aménagement, menuiserie, travaux, électricité",5,https://www.boamp.fr/pages/avis/?q=idweb:26-87136,boamp,2026-09-11T20:38:43
26-87036,Rénovation des voies d'intérêt communautaire N°5 & N°16,CC OSARTIS MARQUION,"59,62",2026-09-08,2026-10-08,TRAVAUX,Voirie,"rénovation, voirie",3,https://www.boamp.fr/pages/avis/?q=idweb:26-87036,boamp,2026-09-11T20:38:43
26-86860,Le marché a pour objet l’achat par France Travail HAUTS-DE-FRANCE de travaux relatifs au relogement de l’Académie inter-régionale Nord-Est.,FRANCE TRAVAIL HAUTS-DE-FRANCE,"2,59,60,62,80",2026-09-08,,TRAVAUX,"Cloison, faux plafond, Electricité (travaux)","travaux, électricité",3,https://www.boamp.fr/pages/avis/?q=idweb:26-86860,boamp,2026-09-11T20:38:43
26-86978,26m0126pa - Travaux de réhabilitation de la station de reprise d'eau potable de Panegans sur la commune de Tournefeuille,Toulouse Métropole,31,2026-09-08,,TRAVAUX,Génie civil,"génie civil, réhabilitation, travaux",4,https://www.boamp.fr/pages/avis/?q=idweb:26-86978,boamp,2026-09-11T20:38:43
26-87051,MAPA AC-BC Construction d'installations d'éclairage public,SIDELEC Réunion,974,2026-09-08,,TRAVAUX,Eclairage public,construction,1,https://www.boamp.fr/pages/avis/?q=idweb:26-87051,boamp,2026-09-11T20:38:43
26-87219,Travaux d’extension et de mise en conformité accessibilité et sécurité d’un établissement scolaire (clos d'en haut),Ville de Conflans-Sainte-Honorine,78,2026-09-08,2026-10-08,TRAVAUX,Tous corps d'état,"extension, travaux",2,https://www.boamp.fr/pages/avis/?q=idweb:26-87219,boamp,2026-09-11T20:38:43
26-87236,Agrandissement et mise aux normes de la déchetterie de Loriol-sur-Drôme,Communauté de Communes du Val de Drôme en Biovallée,26,2026-09-08,,TRAVAUX,Déchetterie (travaux),travaux,2,https://www.boamp.fr/pages/avis/?q=idweb:26-87236,boamp,2026-09-11T20:38:43
26-86721,Villa Gillet - Travaux de restructuration,Ville de Lyon,69,2026-09-07,,TRAVAUX,Bâtiment,"bâtiment, travaux",3,https://www.boamp.fr/pages/avis/?q=idweb:26-86721,boamp,2026-09-11T20:38:43
26-86679,Travaux de rénovation de l?immeuble consulaire,CCI Finistère,"29,22",2026-09-07,2026-10-15,TRAVAUX,"Gros oeuvre, Electricité (travaux), Chauffage (travaux)","gros œuvre, rénovation, travaux, électricité",5,https://www.boamp.fr/pages/avis/?q=idweb:26-86679,boamp,2026-09-11T20:38:43
26-86807,Réhabilitation de trois locaux commerciaux à Béziers,Sem Viaterra,34,2026-09-07,,TRAVAUX,"Gros oeuvre, Peinture (travaux), Plomberie (travaux), Electricité (travaux), Matériel de secours et d'incendie","gros œuvre, plomberie, réhabilitation, travaux, électricité",6,https://www.boamp.fr/pages/avis/?q=idweb:26-86807,boamp,2026-09-11T20:38:43
26-86785,Fiabilisation des cuirassements de chardonnets de la porte  amont de l’écluse d’Ormes.,Voies Navigables de France,"69,71",2026-09-07,2026-10-15,TRAVAUX,Métallurgie,,0,https://www.boamp.fr/pages/avis/?q=idweb:26-86785,boamp,2026-09-11T20:38:43
26-86559,Réfection  de la cour de l'école Pasteur,Mairie de Villeneuve-Sur-Lot,47,2026-09-07,,TRAVAUX,Espaces verts,réfection,1,https://www.boamp.fr/pages/avis/?q=idweb:26-86559,boamp,2026-09-11T20:38:43
26-86527,Restructuration du bâtiment TMF - Travaux de rénovation-.,Commune d'Etival-Clairefontaine,88,2026-09-07,2026-10-06,TRAVAUX,Tous corps d'état,"bâtiment, rénovation, travaux",3,https://www.boamp.fr/pages/avis/?q=idweb:26-86527,boamp,2026-09-11T20:38:43
26-86535,Construction d'une école élémentaire de 4 classes avec réhabilitation de la demi-pension : Plâtrerie - Faux Plafond - Menuiseries intérieures,Commune de Beauchamp,95,2026-09-07,2026-09-18,TRAVAUX,"Menuiserie, Cloison, faux plafond","construction, menuiserie, réhabilitation",4,https://www.boamp.fr/pages/avis/?q=idweb:26-86535,boamp,2026-09-11T20:38:43
26-86528,Conception réalisation pour la construction de 31 logements bois « Mouncaout II » à Castets,XL Habitat,40,2026-09-07,2026-09-29,TRAVAUX,"Chauffage (travaux), Maîtrise d'oeuvre","construction, travaux",3,https://www.boamp.fr/pages/avis/?q=idweb:26-86528,boamp,2026-09-11T20:38:43
26-86657,Restauration des toitures de l’échoppe (ancienne chapelle Saint Michel) de la Cathédrale Notre-Dame de Strasbourg,MINISTERE DE LA CULTURE,"8,10,51,52,54,67,68",2026-09-07,2026-10-01,TRAVAUX,"Couverture, Echafaudage","couverture, toiture",3,https://www.boamp.fr/pages/avis/?q=idweb:26-86657,boamp,2026-09-11T20:38:43
26-86482,Marché de travaux pour la construction d'un accueil périscolaire sur la commune du Temple de Bretagne,CC Estuaire et Sillon,44,2026-09-07,2026-10-09,TRAVAUX,"Gros oeuvre, Maçonnerie, Démolition","construction, démolition, gros œuvre, maçonnerie, travaux",6,https://www.boamp.fr/pages/avis/?q=idweb:26-86482,boamp,2026-09-11T20:38:43
26-86598,"Travaux d'entretien courant de plomberie, chauffage, Vmc et climatisation pour les Centres hospitaliers de Chartres, Dreux et Bonneval",Groupement Hospitalier de Territoire d'Eure-et-Loir,28,2026-09-07,2026-09-30,TRAVAUX,Plomberie (travaux),"plomberie, travaux",3,https://www.boamp.fr/pages/avis/?q=idweb:26-86598,boamp,2026-09-11T20:38:43
26-86650,Travaux de rénovation éclairage du centre sportif,Mairie du Dévoluy,5,2026-09-07,,TRAVAUX,Electricité (travaux),"rénovation, travaux, électricité",4,https://www.boamp.fr/pages/avis/?q=idweb:26-86650,boamp,2026-09-11T20:38:43
26-86634,TRAVAUX DE REMPLACEMENT DE 12 ASCENSEURS A NICE (SITE DE PESSICART ET PERTINAX),CPAM DES ALPES MARITIMES,6,2026-09-07,2026-10-15,TRAVAUX,Ascenseur,travaux,1,https://www.boamp.fr/pages/avis/?q=idweb:26-86634,boamp,2026-09-11T20:38:43
26-86753,CLERMONT-FERRAND (63) – Quartier de la Blanchardière – GSC Clermont-Ferrand - Bâtiment 004 – Fourniture et installation d’une pompe à chaleur haute température de 90 kW,SID Sud-Est,63,2026-09-07,2026-10-13,TRAVAUX,"Chauffage (matériel), Chauffage (travaux)","bâtiment, travaux",3,https://www.boamp.fr/pages/avis/?q=idweb:26-86753,boamp,2026-09-11T20:38:43
26-86761,"Restructuration et extension de l'Ehpad ""Le Grand Megnaud"" La Tour D'Auvergne
Reconsultation des lots :
lot N°8 - Cloisons/Doublage-Faux/Plafonds/Peinture,
lot N°10",Assemblia agissant au nom et pour le compte de l'Ehpad Le Grand Megnaud,63,2026-09-07,2026-10-09,TRAVAUX,Bâtiment,"bâtiment, extension",3,https://www.boamp.fr/pages/avis/?q=idweb:26-86761,boamp,2026-09-11T20:38:43
26-86743,Extension de la crèche de la p’tite Fac sur le campus universitaire de Dijon,UNIVERSITE BOURGOGNE EUROPE,21,2026-09-07,2026-10-05,TRAVAUX,Gros oeuvre,"extension, gros œuvre",3,https://www.boamp.fr/pages/avis/?q=idweb:26-86743,boamp,2026-09-11T20:38:43
26-86472,Mise en œuvre de bornes de recharge de véhicule électrique IRVE sur le site de l’écopôle (zone CTA),Communauté d’agglomération de GrandAngoulême,16,2026-09-07,2026-09-30,TRAVAUX,"Matériel électrique, Electricité (travaux)","travaux, électricité",3,https://www.boamp.fr/pages/avis/?q=idweb:26-86472,boamp,2026-09-11T20:38:43
26-86568,"Marché de transformation de l'ancienne école maternelle sise au 11 rue Lahire 75013, en centre d'accueil associatif pour personnes en situation de handicap.","Ville de Paris - Direction constructions publiques et architecture - Section locale d architecture du 5e et du 13e arrondissement (SLA 5-13) 62, rue Corvisart 75013 Paris",75,2026-09-07,2026-10-05,TRAVAUX,"Tous corps d'état, Electricité (travaux), Ascenseur","travaux, électricité",3,https://www.boamp.fr/pages/avis/?q=idweb:26-86568,boamp,2026-09-11T20:38:43
26-86575,Travaux de mise en conformité de la ventilation de la salle L’Aquarium à Saint Martin d’Hères,Crous Grenoble Alpes,38,2026-09-07,2026-10-16,TRAVAUX,Ventilation,travaux,1,https://www.boamp.fr/pages/avis/?q=idweb:26-86575,boamp,2026-09-11T20:38:43
26-86462,Accord cadre multi-attributaire de travaux de réseaux d'eau potable sur le territoire du SESV-.,SYNDICAT DES EAUX DU SOISSONNAIS ET DU VALOIS,2,2026-09-07,2026-10-08,TRAVAUX,Ouvrage d'infrastructure,"réseau, réseaux, travaux",3,https://www.boamp.fr/pages/avis/?q=idweb:26-86462,boamp,2026-09-11T20:38:43
26-86437,Separation Du Poste 240 Du Reseau 20kv Haropa Prive Et Passage Sur Le Reseau Public Via Le Poste 90,Grand port fluvio maritime de l'axe Seine - Direction territoriale du Havre,76,2026-09-07,2026-09-30,TRAVAUX,Electricité (travaux),"réseau, travaux, électricité",4,https://www.boamp.fr/pages/avis/?q=idweb:26-86437,boamp,2026-09-11T20:38:43
26-86506,TRAVAUX DE CLIMATISATION D’UNE SALLE INFORMATIQUE « SALLE QOB » POUR L’EXTENSION DU DATACENTRE DU CENTRE INFORMATIQUE DOUANIER – AJOUT DE BAIES,Centre Informatique Douanier,95,2026-09-07,,TRAVAUX,Climatisation,"extension, travaux",2,https://www.boamp.fr/pages/avis/?q=idweb:26-86506,boamp,2026-09-11T20:38:43
26-86773,Rénovation et la requalification de la piscine communautaire de Barbezieux-Saint-Hilaire,Communauté de Communes des 4 B Sud charente,16,2026-09-07,,TRAVAUX,"Piscine, Equipement de piscine",rénovation,1,https://www.boamp.fr/pages/avis/?q=idweb:26-86773,boamp,2026-09-11T20:38:43
26-86746,Travaux de Modernisation des systèmes secourus  du site de Dracé,Voies Navigables de France - DTRS,"69,71",2026-09-07,2026-10-15,TRAVAUX,Electricité (travaux),"travaux, électricité",3,https://www.boamp.fr/pages/avis/?q=idweb:26-86746,boamp,2026-09-11T20:38:43
26-86522,Travaux de reprise des réseaux enterrés au Palais de Justice de Nevers,DI Dijon,58,2026-09-07,,TRAVAUX,"Terrassement, Voirie et réseaux divers, Ferronnerie, Maçonnerie","maçonnerie, réseau, réseaux, terrassement, travaux, voirie",7,https://www.boamp.fr/pages/avis/?q=idweb:26-86522,boamp,2026-09-11T20:38:43
26-86590,Construction des nouvelles stations d’épuration des eaux usées sur les communes de la Tour et Marie - Vallée de la Tinée – 2 lots,Eau d'Azur (06),6,2026-09-07,2026-09-30,TRAVAUX,Assainissement,"assainissement, construction",3,https://www.boamp.fr/pages/avis/?q=idweb:26-86590,boamp,2026-09-11T20:38:43
26-86463,"Réhabilitation de huit blocs sanitaires H et F à la cité administrative Marianne sise 1, rue du Chanoine Collin à 57000 Metz",SGCD-57,"54,55,57,67,68,88",2026-09-07,,TRAVAUX,"Carrelage, Electricité (travaux), Plomberie (travaux), Plâtrerie","plomberie, réhabilitation, travaux, électricité",5,https://www.boamp.fr/pages/avis/?q=idweb:26-86463,boamp,2026-09-11T20:38:43
26-86523,Travaux de mise en conformité des installations électriques et du système de sécurité incendie du château de Saint Germain en Laye,OPPIC,"75,77,78,91,92,93,94,95",2026-09-07,2026-10-05,TRAVAUX,Menuiserie,"menuiserie, travaux",3,https://www.boamp.fr/pages/avis/?q=idweb:26-86523,boamp,2026-09-11T20:38:43
26-86538,"Travaux d'installation de métallerie, ferronnerie et clôture sur les espaces verts publics de la Ville de Montpellier et de Montpellier Méditerranée Métropole",Ville De Montpellier,34,2026-09-07,2026-10-07,TRAVAUX,"Clôture, Ferronnerie, Métallerie, Serrurerie",travaux,1,https://www.boamp.fr/pages/avis/?q=idweb:26-86538,boamp,2026-09-11T20:38:43
26-86546,"Construction d'immeuble de 20 logements, Boulevard Carnot à Gueret. Lot n°5bis : Etanchéité - Zinguerie",Creusalis - Office Public de l'Habitat de la Creuse,23,2026-09-07,2026-10-02,TRAVAUX,"Etanchéité, Zinguerie","construction, étanchéité",3,https://www.boamp.fr/pages/avis/?q=idweb:26-86546,boamp,2026-09-11T20:38:43
26-86468,Travaux d'installation d'une unité de production d'eau glacée pour climatisation d'une IRM et des locaux techniques annexes - bâtiment 165 unité PRC - site de Nouzilly,INRAE Centre Val de Loire,37,2026-09-07,,TRAVAUX,Climatisation,"bâtiment, travaux",2,https://www.boamp.fr/pages/avis/?q=idweb:26-86468,boamp,2026-09-11T20:38:43
26-86496,Réalisation des espaces publics du secteur B de la Zac de Liesse Ii à Saint-Ouen-l'Aumône (95) Relance lot n°3 : Démolition du saut-de-mouton,Spl Cergy Pontoise Aménagement,95,2026-09-07,,TRAVAUX,Démolition,démolition,2,https://www.boamp.fr/pages/avis/?q=idweb:26-86496,boamp,2026-09-11T20:38:43
26-86486,Travaux d'aménagement du bâtiment principal Lyon Faubourg en salle de réunion pour séminaire au Rdc (Erp) et chambres à l'étage (gîte),Ville de Saint-Priest,69,2026-09-07,2026-09-30,TRAVAUX,"Electricité (travaux), Plâtrerie, Démolition, Menuiserie, Chauffage (travaux)","aménagement, bâtiment, démolition, menuiserie, travaux, électricité",7,https://www.boamp.fr/pages/avis/?q=idweb:26-86486,boamp,2026-09-11T20:38:43
26-86697,"Réhabilitation du revêtement du bassin de natation de la piscine ""Les Bannettes"" à Voreppe",Mairie De Voreppe,38,2026-09-07,2026-09-29,TRAVAUX,Piscine,réhabilitation,1,https://www.boamp.fr/pages/avis/?q=idweb:26-86697,boamp,2026-09-11T20:38:43
26-86709,Reprise du seuil N°11 de correction torrentielle du torrent de la Roize en coursier pour e compte du Symbhi,Hôtel du Département,38,2026-09-07,2026-10-02,TRAVAUX,"Enrochements, Ouvrage hydraulique",,0,https://www.boamp.fr/pages/avis/?q=idweb:26-86709,boamp,2026-09-11T20:38:43
26-86651,Transformation D'Une Surface Commerciale En Maison De Sante A Nontron,Département de la Dordogne,24,2026-09-07,,TRAVAUX,"Tous corps d'état, Electricité (travaux), Gros oeuvre, Plomberie (travaux)","gros œuvre, plomberie, travaux, électricité",5,https://www.boamp.fr/pages/avis/?q=idweb:26-86651,boamp,2026-09-11T20:38:43
26-86783,Travaux pour la création et l'aménagement de deux espaces verts,Ville de La Garenne-Colombes,"92,75,78,77",2026-09-07,2026-10-28,TRAVAUX,Espaces verts,"aménagement, travaux",2,https://www.boamp.fr/pages/avis/?q=idweb:26-86783,boamp,2026-09-11T20:38:43
26-86446,Installation d'un tamis rotatif sur le site de la Step de l'Antonnière à Saint Saturnin,Le Mans Métropole,72,2026-09-07,,TRAVAUX,Station d'épuration (travaux),travaux,2,https://www.boamp.fr/pages/avis/?q=idweb:26-86446,boamp,2026-09-11T20:38:43
26-86517,Travaux sur revêtement de sol en sous-section 4 dans les collèges du Département du Calvados,CONSEIL DEPARTEMENTAL DU CALVADOS (CD 14),"14,50,61,27",2026-09-07,,TRAVAUX,Revêtements de sols,travaux,1,https://www.boamp.fr/pages/avis/?q=idweb:26-86517,boamp,2026-09-11T20:38:43
26-86563,RENOVATION DE LA CHAUFFERIE EXISTANTE DE L’EHPAD Public de GANGES « LE JARDIN DES AÎNES »,EHPAD PUBLIC LE JARDIN DES AINES,"30,34",2026-09-07,2026-11-02,TRAVAUX,Chauffage (travaux),"rénovation, travaux",3,https://www.boamp.fr/pages/avis/?q=idweb:26-86563,boamp,2026-09-11T20:38:43
26-86585,Caserne fort des Justices - 25000 Besançon - Travaux de rénovation énergétique - consultation n°2026SGAMI57025,SGAMI Est DAGF BCP,"21,25,39,57,68,70,71,88,90",2026-09-07,2026-10-09,TRAVAUX,"Isolation, Ventilation","isolation, rénovation, travaux",4,https://www.boamp.fr/pages/avis/?q=idweb:26-86585,boamp,2026-09-11T20:38:43
26-86702,Travaux de réfection de l'étanchéité de la toiture terrasse du bâtiment principal de Sophia-Antipolis de l'Anses,Anses,"6,94",2026-09-07,2026-10-09,TRAVAUX,Bâtiment,"bâtiment, réfection, toiture, travaux, étanchéité",6,https://www.boamp.fr/pages/avis/?q=idweb:26-86702,boamp,2026-09-11T20:38:43
26-86829,Aménagement d'un espace de rencontre et de loisir de Terre de Haut,Spl Coeur D'Energie Au Nom Et Pour Le Compte De La Commune De Terre De Haut,971,2026-09-07,,TRAVAUX,"Charpente, Electricité (travaux), Gros oeuvre, Menuiserie, Peinture (travaux)","aménagement, charpente, gros œuvre, menuiserie, travaux, électricité",7,https://www.boamp.fr/pages/avis/?q=idweb:26-86829,boamp,2026-09-11T20:38:43
26-86427,TRAVAUX DE REAMENAGEMENT DE LA PLACE DES AMANDIERS A SAINT-SEBASTIEN-SUR-LOIRE,Ville de Saint Sébastien sur Loire,44,2026-09-07,,TRAVAUX,Voirie et réseaux divers,"aménagement, réseau, réseaux, travaux, voirie",6,https://www.boamp.fr/pages/avis/?q=idweb:26-86427,boamp,2026-09-11T20:38:43
26-86436,Renforcement de l'alimentation en eau potable et mise en séparatif de l'assainissement Chemin de la Mulaz Brégand à Thonon-les-Bains,Thonon Agglomeration,74,2026-09-07,2026-10-19,TRAVAUX,"Canalisations, Réseaux divers","assainissement, réseau, réseaux",4,https://www.boamp.fr/pages/avis/?q=idweb:26-86436,boamp,2026-09-11T20:38:43
26-86404,MISE EN CONFORMITE PRODUCTION GROUPE FROID DE L’UNITE DE PRODUCTION CULINAIRE,54 CHRU,54,2026-09-07,,TRAVAUX,Gros oeuvre,gros œuvre,2,https://www.boamp.fr/pages/avis/?q=idweb:26-86404,boamp,2026-09-11T20:38:43
26-86678,Forage et pose d’instrumentation à la Tour Saint-Nicolas à La Rochelle,Centre des Monuments Nationaux,"75,17",2026-09-07,,TRAVAUX,"Forage, Monuments historiques",,0,https://www.boamp.fr/pages/avis/?q=idweb:26-86678,boamp,2026-09-11T20:38:43
26-86696,Des travaux de restructuration des locaux du pôle Pharmacie à usage intérieur (PUI) du Centre Hospitalier Louis Pasteur de Dole.,CENTRE HOSPITALIER REGIONAL UNVT,25,2026-09-07,2026-10-07,TRAVAUX,"Chauffage (travaux), Cloison, faux plafond, Electricité (travaux), Gros oeuvre, Menuiserie, Peinture (travaux), Plomberie (travaux), Revêtements de sols","gros œuvre, menuiserie, plomberie, travaux, électricité",6,https://www.boamp.fr/pages/avis/?q=idweb:26-86696,boamp,2026-09-11T20:38:43
26-86710,"Marché public de travaux concernant la Rénovation D'Appartements Et De Bureaux Au Sein De La résidence « Les Humanites 2 »
Du Crous De Toulouse-Occitanie (31)",Crous de Toulouse-Occitanie,"31,11,32,81,82,46,65",2026-09-07,2026-10-06,TRAVAUX,Bâtiment,"bâtiment, rénovation, travaux",4,https://www.boamp.fr/pages/avis/?q=idweb:26-86710,boamp,2026-09-11T20:38:43
26-86530,"TRAVAUX DE REHABILITATION DE 6 IMMEUBLES SITUÉ A ROUBAIX, SALOMÉ, LILLE, MOUVAUX, TOURCOING",SOLIHA Metro Nord (59),59,2026-09-07,,TRAVAUX,"Tous corps d'état, Bâtiment","bâtiment, réhabilitation, travaux",4,https://www.boamp.fr/pages/avis/?q=idweb:26-86530,boamp,2026-09-11T20:38:43
26-86529,Travaux de traitement de peinture contenant du plomb sur structure métallique du bac de Seltz,Collectivité européenne d Alsace,67,2026-09-07,2026-10-05,TRAVAUX,"Peinture (travaux), Ouvrage métallique",travaux,2,https://www.boamp.fr/pages/avis/?q=idweb:26-86529,boamp,2026-09-11T20:38:43
26-86533,"Travaux de conception, dimensionnement, fournitures et pose des équipements pour le raccordement direct du restaurant au réseau d'assainissement public (Site Trou d’Eau à Saint-Paul, La Réunion – 974)",CELRL 17,"17,974,976,75",2026-09-07,2026-10-07,TRAVAUX,Assainissement,"assainissement, réseau, travaux",4,https://www.boamp.fr/pages/avis/?q=idweb:26-86533,boamp,2026-09-11T20:38:43
26-86799,MODERNISATION DES ELEMENTS ELECTRIQUES ET MECANIQUES DE 2 ASCENSEURS,CRAMIF,"75,77,78,91,92,93,94,95",2026-09-07,,TRAVAUX,Ascenseur,,0,https://www.boamp.fr/pages/avis/?q=idweb:26-86799,boamp,2026-09-11T20:38:43
26-86795,2026_MA Albi_création réseau RIA,DISP Toulouse,"81,31,82,12,11,34",2026-09-07,2026-09-30,TRAVAUX,"Voirie et réseaux divers, Génie civil, Plomberie (travaux)","génie civil, plomberie, réseau, réseaux, travaux, voirie",7,https://www.boamp.fr/pages/avis/?q=idweb:26-86795,boamp,2026-09-11T20:38:43
26-86670,RENOVATION BATIMENT,SID Sud-Ouest,"33,16",2026-09-07,,TRAVAUX,Tous corps d'état,"bâtiment, rénovation",2,https://www.boamp.fr/pages/avis/?q=idweb:26-86670,boamp,2026-09-11T20:38:43
26-86605,"Travaux de réfection à l'identique de certaines parties de la couverture comprenant des modifications d'émergences, le remplacement de fenêtres et de lucarnes de toit et l'isolation des combles per...",Ville de Paris- Direction Constructions Publiques et Architecture,75,2026-09-07,,TRAVAUX,Bâtiment,"bâtiment, couverture, isolation, réfection, travaux",6,https://www.boamp.fr/pages/avis/?q=idweb:26-86605,boamp,2026-09-11T20:38:43
26-86606,Ragréage du bac à incendie,SID Sud-Ouest,33,2026-09-07,,TRAVAUX,Ouvrage d'infrastructure,,0,https://www.boamp.fr/pages/avis/?q=idweb:26-86606,boamp,2026-09-11T20:38:43
26-86643,Création d'espaces verts,Communauté d'agglomération Bourges Plus,18,2026-09-07,2026-10-16,TRAVAUX,Espaces verts,,0,https://www.boamp.fr/pages/avis/?q=idweb:26-86643,boamp,2026-09-11T20:38:43
26-86480,Réfection de l'assainissement - opération de conservation et de restauration de l'abbaye bénédictine à Charlieu,Département de la Loire,42,2026-09-07,2026-09-30,TRAVAUX,Monuments historiques,"assainissement, réfection",2,https://www.boamp.fr/pages/avis/?q=idweb:26-86480,boamp,2026-09-11T20:38:43
26-86586,Réparation des DR de l'OA du Saut de Mouton à La Pallice – La Rochelle,DIR Atlantique,"17,33",2026-09-07,2026-10-12,TRAVAUX,Ouvrage d'art,,0,https://www.boamp.fr/pages/avis/?q=idweb:26-86586,boamp,2026-09-11T20:38:43
26-86416,2025M0245 Collège Jean-Henri Fabre à Nice – Reconstruction de l’ascenseur Bâtiment D,CG des Alpes-Maritimes - Direction de la Construction et du Patrimoine (06),6,2026-09-07,2026-10-02,TRAVAUX,Ascenseur,"bâtiment, construction",2,https://www.boamp.fr/pages/avis/?q=idweb:26-86416,boamp,2026-09-11T20:38:43
26-86658,Port des Bas-Sablons (35) Saint Malo Dragage d’entretien du port des Sablons et valorisation des sédiments,BRETAGNE PLAISANCE,35,2026-09-07,2026-10-07,TRAVAUX,Dragage,,0,https://www.boamp.fr/pages/avis/?q=idweb:26-86658,boamp,2026-09-11T20:38:43
26-86779,Travaux de rénovation et de restauration du bassin e la Fontaine du Mail à Angers,Ville d'Angers (49),49,2026-09-07,2026-09-28,TRAVAUX,Etanchéité,"rénovation, travaux, étanchéité",4,https://www.boamp.fr/pages/avis/?q=idweb:26-86779,boamp,2026-09-11T20:38:43
26-86723,Rd769 - Réparation des buses métalliques à Gourin,Conseil Départemental du Morbihan,56,2026-09-07,,TRAVAUX,Ouvrage métallique,,0,https://www.boamp.fr/pages/avis/?q=idweb:26-86723,boamp,2026-09-11T20:38:43
26-86680,"Commune de EBBLINGHEM
Nouvelle desserte du réseau d'assainissement collectif à EBBLINGHEM Rues de la Gare, de Verdun, de l'Eglise et du Château et route de Staple (1ere partie)",NOREADE SIDEN-SIAN,59,2026-09-07,2026-10-15,TRAVAUX,Assainissement,"assainissement, réseau",3,https://www.boamp.fr/pages/avis/?q=idweb:26-86680,boamp,2026-09-11T20:38:43
26-86499,"Aménagement de groupes de vie ""Villa Ariane"" sur le site du Centre Départemental de l'Enfance et de la Famille (Cdef) de Chamalieres",Département du Puy-de-Dôme,63,2026-09-07,,TRAVAUX,Bâtiment,"aménagement, bâtiment",3,https://www.boamp.fr/pages/avis/?q=idweb:26-86499,boamp,2026-09-11T20:38:43
26-86487,Restructuration d'un espace culturel - Vrd et Pcv et Geothermie,Ville de Baule,45,2026-09-07,2026-10-05,TRAVAUX,Bâtiment,"bâtiment, vrd",3,https://www.boamp.fr/pages/avis/?q=idweb:26-86487,boamp,2026-09-11T20:38:43
26-86618,Renouvellement des conduites eau potable et assainissement Route des Brosses - AUXY,SMEMAC,71,2026-09-07,2026-10-02,TRAVAUX,"Alimentation en eau potable, Canalisations",assainissement,1,https://www.boamp.fr/pages/avis/?q=idweb:26-86618,boamp,2026-09-11T20:38:43
26-86626,Réhabilitation du réseau assainissement - Rue Jean Jaurès - Epinac,SMEMAC,71,2026-09-07,2026-10-02,TRAVAUX,"Assainissement, Canalisations","assainissement, réhabilitation, réseau",4,https://www.boamp.fr/pages/avis/?q=idweb:26-86626,boamp,2026-09-11T20:38:43
26-86550,Travaux de rénovation d'étanchéité et d'isolation d'une toiture,Syndicat Départemental d'Electricité et de Gaz de la Charente (Sdeg 16),16,2026-09-07,2026-10-12,TRAVAUX,"Isolation, Etanchéité, Couverture","couverture, isolation, rénovation, toiture, travaux, étanchéité",7,https://www.boamp.fr/pages/avis/?q=idweb:26-86550,boamp,2026-09-11T20:38:43
26-86572,Travaux de désamiantage et de déconstruction d'un ensemble immobilier - ilôt de Féole à LA REORTHE (85),"EPF DE LA VENDEE
123 boulevard Louis Blanc
85000 LA ROCHE SUR YON",85,2026-09-07,2026-10-22,TRAVAUX,"Démolition, Amiante","construction, démolition, travaux",4,https://www.boamp.fr/pages/avis/?q=idweb:26-86572,boamp,2026-09-11T20:38:43
26-86584,Travaux de désamiantage sur les chaussées parisiennes,VILLE de PARIS - DFA - SDA,"75,94",2026-09-07,2026-11-17,TRAVAUX,Amiante (désamiantage),travaux,1,https://www.boamp.fr/pages/avis/?q=idweb:26-86584,boamp,2026-09-11T20:38:43
26-86401,Réhabilitation des réseaux humides avenue du général Jean Gilles sur la commune de Perpignan,Perpignan Méditerranée Métropole Communauté Urbaine,66,2026-09-07,2026-10-12,TRAVAUX,Réseaux divers,"réhabilitation, réseau, réseaux",4,https://www.boamp.fr/pages/avis/?q=idweb:26-86401,boamp,2026-09-11T20:38:43
26-86413,Sanitaire public Toullier : mise en accessibilité,Ville de Rennes,35,2026-09-07,2026-10-09,TRAVAUX,"Démolition, Sanitaire",démolition,2,https://www.boamp.fr/pages/avis/?q=idweb:26-86413,boamp,2026-09-11T20:38:43
26-86798,"PROJET D’AMENAGEMENT BORD DE MER, COMMUNE DE MANDELIEU LA NAPOULE  (3 LOTS)",Communauté d'Agglomération des Pays de Lérins (06),6,2026-09-07,,TRAVAUX,"Voirie et réseaux divers, Ouvrage hydraulique","aménagement, réseau, réseaux, voirie",5,https://www.boamp.fr/pages/avis/?q=idweb:26-86798,boamp,2026-09-11T20:38:43
26-86752,"Travaux d'aménagement, restructuration, réparation et entretient courant des bâtiments hospitaliers des établissements membres du GHT Alpes-Dauphiné_Relance du lot n°3",CHU GRENOBLE ALPES,38,2026-09-07,2026-10-05,TRAVAUX,Vitrerie,"aménagement, bâtiment, travaux",3,https://www.boamp.fr/pages/avis/?q=idweb:26-86752,boamp,2026-09-11T20:38:43
26-86758,Aménagement des abords du collège Jean-Jacques Gallay à Scionzier,Communauté de Communes Cluses Arve et Montagnes,74,2026-09-07,2026-10-02,TRAVAUX,Ouvrage d'infrastructure,aménagement,1,https://www.boamp.fr/pages/avis/?q=idweb:26-86758,boamp,2026-09-11T20:38:43
26-86732,Mise en conformité des installations électriques et du système de sécurité incendie du château de Saint Germain en Laye,OPPIC,"75,77,78,91,92,93,94,95",2026-09-07,,TRAVAUX,Menuiserie,menuiserie,2,https://www.boamp.fr/pages/avis/?q=idweb:26-86732,boamp,2026-09-11T20:38:43
26-86817,"Construction d'un pôle d'activités nautiques, économiques et événementielles aux Sables d'Olonne - PROCEDURE ADAPTEE (Lots 07, 08, 09 et 12)",Vendée Expansion - SEM,85,2026-09-07,2026-10-14,TRAVAUX,"Menuiserie, Serrurerie, Métallerie, Carrelage","construction, menuiserie",3,https://www.boamp.fr/pages/avis/?q=idweb:26-86817,boamp,2026-09-11T20:38:43
26-86824,UNIFRANCE_PROJET TRAVAUX DE REHABILITATION DU SIEGE,UNIFRANCE,75,2026-09-07,2026-09-28,TRAVAUX,"Peinture (travaux), Plomberie (travaux), Ravalement, Revêtements de sols, Revêtements muraux","plomberie, réhabilitation, travaux",4,https://www.boamp.fr/pages/avis/?q=idweb:26-86824,boamp,2026-09-11T20:38:43
26-86820,MARCHE DE TRAVAUX DE REMPLACEMENT D’UN ASCENSEUR SITUE AUX ARCHIVES NATIONALES - SITE DE PARIS,SCN Archives nationales,75,2026-09-07,,TRAVAUX,Ascenseur,travaux,1,https://www.boamp.fr/pages/avis/?q=idweb:26-86820,boamp,2026-09-11T20:38:43
26-86051,Travaux de nettoyage et de dégagement d'emprises routières Départementales,CONSEIL DEPARTEMENTAL DES PYRENEES-ORIENTALES,66,2026-09-06,,TRAVAUX,Voirie,"travaux, voirie",3,https://www.boamp.fr/pages/avis/?q=idweb:26-86051,boamp,2026-09-11T20:38:43
26-86226,Réalisation de travaux d'investissement et de maintenance sur le patrimoine Régional et autres,Région Guadeloupe,971,2026-09-06,2026-10-01,TRAVAUX,"Plomberie (travaux), Menuiserie, Voirie et réseaux divers, Gros oeuvre, Electricité (travaux)","gros œuvre, menuiserie, plomberie, réseau, réseaux, travaux, voirie, électricité",9,https://www.boamp.fr/pages/avis/?q=idweb:26-86226,boamp,2026-09-11T20:38:43
26-86244,Marché Global de Performance orienté « Systèmes » pour la rénovation énergétique de 22 sites du patrimoine de la Ville de Créteil,Ville de Créteil,94,2026-09-06,,TRAVAUX,"Chauffage (exploitation, entretien)",rénovation,1,https://www.boamp.fr/pages/avis/?q=idweb:26-86244,boamp,2026-09-11T20:38:43
26-86283,Fourniture et mise en oeuvre d'enrobés à l'émulsion sur les chaussées et autres éléments du patrimoine départemental,Département de la Savoie,73,2026-09-06,2026-10-15,TRAVAUX,"Matériaux routiers, Voirie","enrobé, voirie",3,https://www.boamp.fr/pages/avis/?q=idweb:26-86283,boamp,2026-09-11T20:38:43
26-86081,"Fourniture, transport et mise en oeuvre d'enrobés sur les routes départementales et sur les propriétés gérées par le département de Vaucluse",Département de Vaucluse,84,2026-09-06,2026-10-05,TRAVAUX,Voirie,"enrobé, voirie",3,https://www.boamp.fr/pages/avis/?q=idweb:26-86081,boamp,2026-09-11T20:38:43
26-86100,Marché composite relatif aux travaux d'étanchéité et d'entretien des toitures et des toitures terrasses des bâtiments du Conseil départemental du Val d'Oise (4 lots),Conseil départemental du Val-d'Oise,95,2026-09-06,2026-10-08,TRAVAUX,Etanchéité,"bâtiment, toiture, travaux, étanchéité",5,https://www.boamp.fr/pages/avis/?q=idweb:26-86100,boamp,2026-09-11T20:38:43
26-86274,RD135 - Suppression du PN 66 sur la commune de Perrignier et création d'un giratoire sur la RD 135,Département de la Haute-Savoie,74,2026-09-06,2026-10-09,TRAVAUX,Terrassement,terrassement,2,https://www.boamp.fr/pages/avis/?q=idweb:26-86274,boamp,2026-09-11T20:38:43
26-86364,Travaux d'aménagement des espaces publics du secteur Hautefort Nord à Strasbourg - Tranche 1 - NPNRU Neuhof,Ville de Strasbourg,67,2026-09-06,2026-10-06,TRAVAUX,"Eclairage public, Espaces verts","aménagement, travaux",2,https://www.boamp.fr/pages/avis/?q=idweb:26-86364,boamp,2026-09-11T20:38:43
26-86366,"Travaux d'entretien courant et de réhabilitation des menuiseries intérieures, menuiseries extérieures et vitrerie",Mairie d'Ozoir-la-Ferrière,77,2026-09-06,2026-10-06,TRAVAUX,"Menuiserie, Vitrerie","menuiserie, réhabilitation, travaux",4,https://www.boamp.fr/pages/avis/?q=idweb:26-86366,boamp,2026-09-11T20:38:43
26-86370,Travaux d'aménagements des espaces publics du secteur Grünewald Watteau à Strasbourg - NPNRU Elsau,Eurométropole de Strasbourg,67,2026-09-06,2026-10-06,TRAVAUX,"Espaces verts, Voirie","aménagement, travaux, voirie",4,https://www.boamp.fr/pages/avis/?q=idweb:26-86370,boamp,2026-09-11T20:38:43
26-85959,LYCEE JEAN MOULIN - DRAGUIGNAN - Réhabilitation et rénovation énergétique de l'internat et rénovation du système de sécurité incendie,Région Provence-Alpes-Côte d'Azur,6,2026-09-06,,TRAVAUX,"Bâtiment, Tous corps d'état","bâtiment, réhabilitation, rénovation",4,https://www.boamp.fr/pages/avis/?q=idweb:26-85959,boamp,2026-09-11T20:38:43
26-86087,"ACCORD CADRE DE TRAVAUX D’ENTRETIEN, D’AMENAGEMENT ,DE RENOVATION EN PLOMBERIE DES SERVICES DE L’ETAT, D ETABLISSEMENTS ET DE CERTAINS CENTRES HOSPITALIERS DE CORSE 2026",SGAR PFRA,"20A,20B",2026-09-06,2026-10-16,TRAVAUX,Plomberie (travaux),"aménagement, plomberie, rénovation, travaux",5,https://www.boamp.fr/pages/avis/?q=idweb:26-86087,boamp,2026-09-11T20:38:43
26-86070,Relance - Chantier GER chaussées,ALBEA,76,2026-09-06,2026-10-30,TRAVAUX,Voirie et réseaux divers,"réseau, réseaux, voirie",4,https://www.boamp.fr/pages/avis/?q=idweb:26-86070,boamp,2026-09-11T20:38:43
26-86250,TRAVAUX DE CONSTRUCTION DU NOUVEAU SIEGE COMMUNAUTAIRE DE LA COMMUNAUTE DE COMMUNES SUD VENDEE LITTORAL - 18 LOTS - AVIS D'ATTRIBUTION,Communauté de Communes Sud Vendée Littoral,85,2026-09-06,,TRAVAUX,"Bâtiment, Tous corps d'état","bâtiment, construction, travaux",4,https://www.boamp.fr/pages/avis/?q=idweb:26-86250,boamp,2026-09-11T20:38:43
26-86140,"MARCHÉ GLOBAL SECTORIEL (MGS) POUR LA CONCEPTION, LA CONSTRUCTION, L’AMENAGEMENT ET L’ENTRETIEN-MAINTENANCE DU PROJET D’EHPAD « ÉTOILE DES NEIGES » À BRIANÇON",CTRE HOSPITALIER INTERCOM ALPES DU SUD,"4,5,38,73,74,83,84",2026-09-06,,TRAVAUX,"Bâtiment, Ingénierie, Matériaux de construction","aménagement, bâtiment, construction",4,https://www.boamp.fr/pages/avis/?q=idweb:26-86140,boamp,2026-09-11T20:38:43
26-85906,"Travaux d' extension des réseaux de distribution publique d’énergie électrique, du réseau d’éclairage public et génie civil du réseau de communications électroniques-.",Syndicat Départemental d'Electricité des Vosges,88,2026-09-06,2026-10-16,TRAVAUX,Ouvrage d'infrastructure,"extension, génie civil, réseau, réseaux, travaux",5,https://www.boamp.fr/pages/avis/?q=idweb:26-85906,boamp,2026-09-11T20:38:43
26-86076,"Travaux de construction du Centre National de Pétanque et de Jeu Provençal « Michel Desbois » à Chomérac. Relance des lots n° 01,02,05,07,11,14, 15 et 16 (déclarés sans suite : offres supérieures a...",Fédération Française de Pétanque et de Jeu Provençal (FFPJP),"7,26",2026-09-06,2026-10-09,TRAVAUX,"Charpente, Couverture, Zinguerie, Serrurerie, Ouvrage métallique, Métallerie, Porte automatique, portail, Peinture (travaux), Maçonnerie, Gros oeuvre, Revêtements de sols, Revêtements muraux, Carrelage, Sonorisation, Audiovisuel, Ascenseur, Electricité (travaux)","charpente, construction, couverture, gros œuvre, maçonnerie, travaux, électricité",8,https://www.boamp.fr/pages/avis/?q=idweb:26-86076,boamp,2026-09-11T20:38:43
26-86288,Marché de travaux de Modernisation du sous-système SQV ligne D,SYTRAL Mobilités - TRANSPORT,69,2026-09-06,,TRAVAUX,Equipements spécialisés,travaux,1,https://www.boamp.fr/pages/avis/?q=idweb:26-86288,boamp,2026-09-11T20:38:43
26-86365,Travaux d'aménagement des espaces publics du secteur Hautefort Nord à Strasbourg - Tranche 1 - NPNRU Neuhof,Eurométropole de Strasbourg,67,2026-09-06,2026-10-06,TRAVAUX,"Espaces verts, Voirie et réseaux divers","aménagement, réseau, réseaux, travaux, voirie",6,https://www.boamp.fr/pages/avis/?q=idweb:26-86365,boamp,2026-09-11T20:38:43
26-86303,Construction de 72 logements sociaux sur un niveau de sous sol et une crèche (coque VIDE) à Drancy (93700).,SEM Drancy Demain,93,2026-09-06,2026-09-17,TRAVAUX,Bâtiment,"bâtiment, construction",3,https://www.boamp.fr/pages/avis/?q=idweb:26-86303,boamp,2026-09-11T20:38:43
26-86386,Rénovation énergétique de l'École Nationale Supérieure d’Ingénieurs du Mans (ENSIM),RECTORAT DE L'ACADEMIE DE NANTES,"35,37,44,49,53,56,72,75,85",2026-09-06,2026-10-14,TRAVAUX,"Appareil élévateur, Bois, Charpente, Chauffage (travaux), Electricité (travaux), Equipement thermique, Etanchéité, Gros oeuvre, Isolation, Matériel de sécurité, Menuiserie, Peinture (travaux), Plomberie (travaux), Vitrerie","charpente, gros œuvre, isolation, menuiserie, plomberie, rénovation, travaux, électricité, étanchéité",10,https://www.boamp.fr/pages/avis/?q=idweb:26-86386,boamp,2026-09-11T20:38:43
26-85870,Marché de travaux pour la réhabilitation complète du Musée Historique de Villèle,Département de la Réunion,974,2026-09-06,,TRAVAUX,Bâtiment,"bâtiment, réhabilitation, travaux",4,https://www.boamp.fr/pages/avis/?q=idweb:26-85870,boamp,2026-09-11T20:38:43
26-85915,Fourniture et installation d’un système d’évacuation des gaz d’échappement dans l’atelier du garage de Sécurité Maintenance et Services,SCB..,"75,77,78,91,92,93,94,95",2026-09-06,2026-10-05,TRAVAUX,Ventilation,,0,https://www.boamp.fr/pages/avis/?q=idweb:26-85915,boamp,2026-09-11T20:38:43
26-85924,LOT6 - COUVERTURE ETANCHEITE DU CRATERE SCENE NATIONALE D'ALES - SPL037,SPL ALES CEVENNES,"30,34,84,7",2026-09-06,2026-10-06,TRAVAUX,"Couverture, Etanchéité","couverture, étanchéité",3,https://www.boamp.fr/pages/avis/?q=idweb:26-85924,boamp,2026-09-11T20:38:43
26-85905,"Travaux de renforcement, enfouissement, extension des réseaux de distribution publique d’énergie électrique, du réseau d’éclairage public et génie civil du réseau de communications élect-.",Syndicat Départemental d'Electricité des Vosges,88,2026-09-06,2026-10-16,TRAVAUX,Ouvrage d'infrastructure,"extension, génie civil, réseau, réseaux, travaux",5,https://www.boamp.fr/pages/avis/?q=idweb:26-85905,boamp,2026-09-11T20:38:43
26-86181,Reconstruction de l'école Freinet Angue Guépin à Nantes,VILLE DE NANTES,44,2026-09-06,2026-10-16,TRAVAUX,"Terrassement, Voirie, Fondations spéciales, Gros oeuvre, Bâtiment","bâtiment, construction, gros œuvre, terrassement, voirie",6,https://www.boamp.fr/pages/avis/?q=idweb:26-86181,boamp,2026-09-11T20:38:43
26-85900,"Aménagement de Chronolignes sur le réseau urbain de transport public de LE MANS MÉTROPOLE
Lot 11: Voirie Provisoire Libération des Emprises n°2 (VPLE 2)",GROUPEMENT CENOVIA - TRANSAMO,72,2026-09-06,,TRAVAUX,Terrassement,"aménagement, réseau, terrassement, voirie",5,https://www.boamp.fr/pages/avis/?q=idweb:26-85900,boamp,2026-09-11T20:38:43
26-86030,Marché de travaux pour la construction d'un parking silo de 700 places dans le cadre de l'aménagement du quartier Bergaigne situé sur la commune d'Arras (15 lots),Communauté Urbaine d'Arras,62,2026-09-06,2026-10-14,TRAVAUX,"Bâtiment, Electricité (travaux), Gros oeuvre, Plomberie (travaux), Voirie et réseaux divers","aménagement, bâtiment, construction, gros œuvre, plomberie, réseau, réseaux, travaux, voirie, électricité",11,https://www.boamp.fr/pages/avis/?q=idweb:26-86030,boamp,2026-09-11T20:38:43
26-85968,TRAVAUX DE REHABILITATION ET D'EXTENSION DU SERVICE SANTE ETUDIANTS (SSE),UMLP.,"25,90,21,39,75",2026-09-06,2026-09-28,TRAVAUX,"Amiante (désamiantage), Curage","extension, réhabilitation, travaux",3,https://www.boamp.fr/pages/avis/?q=idweb:26-85968,boamp,2026-09-11T20:38:43
26-86358,Marché public de travaux pour l'aménagement de terrains de football provisoires - Rue de la Libre Pensée à Romainville,MAIRIE DE ROMAINVILLE,93,2026-09-06,2026-09-15,TRAVAUX,"Matériel de travaux publics, Bâtiments modulaires","aménagement, bâtiment, travaux",4,https://www.boamp.fr/pages/avis/?q=idweb:26-86358,boamp,2026-09-11T20:38:43
26-86357,"Fourniture, installation et mise en service d'infrastructures de charge pour véhicules électriques en Nouvelle-Aquitaine",Territoire d&#039;Energie Lot-et-Garonne,"47,24,33,40,19,23,87,16,17",2026-09-06,2026-09-30,TRAVAUX,"Electricité (travaux), Matériel électrique, Maintenance","travaux, électricité",3,https://www.boamp.fr/pages/avis/?q=idweb:26-86357,boamp,2026-09-11T20:38:43
26-86109,Travaux d'aménagements des espaces publics du secteur Grünewald Watteau à Strasbourg- NPNRU Elsau,Ville de Strasbourg,67,2026-09-06,2026-10-06,TRAVAUX,"Eclairage public, Espaces verts","aménagement, travaux",2,https://www.boamp.fr/pages/avis/?q=idweb:26-86109,boamp,2026-09-11T20:38:43
26-86079,"Travaux de construction du Centre National de Pétanque et de Jeu Provençal « Michel Desbois » à Chomérac- Relance de la consultation pour les lots n° 04, 12 et 19 déclarés sans suite.",Fédération Française de Pétanque et de Jeu Provençal (FFPJP),"7,26",2026-09-06,2026-10-09,TRAVAUX,"Bardage, Espaces verts, Chauffage (travaux), Ventilation, Climatisation, Equipement sportif, Porte automatique, portail, Ouvrage métallique","construction, travaux",3,https://www.boamp.fr/pages/avis/?q=idweb:26-86079,boamp,2026-09-11T20:38:43
26-86080,Marché public global de performance pour la construction d'un stand de tir et autres espaces de formation professionnelle pour l'école des douanes de La Rochelle,Etat - Ministères économiques et financiers,"17,75,33,86,44",2026-09-06,,TRAVAUX,Bâtiment,"bâtiment, construction",3,https://www.boamp.fr/pages/avis/?q=idweb:26-86080,boamp,2026-09-11T20:38:43
26-86164,Sécurisation du fonctionnement hydraulique de la station de pompage VL2 à Villeneuve Saint Georges,Syndicat interdépartemental pour l'assainissement de l'agglomération parisienne (SIAAP),"75,94",2026-09-06,2026-09-29,TRAVAUX,Assainissement,assainissement,2,https://www.boamp.fr/pages/avis/?q=idweb:26-86164,boamp,2026-09-11T20:38:43
26-86031,Travaux de restructuration et de création de voiries et espaces publics métropolitain NIVEAU II,Metropole Rouen Normandie,76,2026-09-06,2026-10-12,TRAVAUX,"Assainissement, Electricité (travaux), Espaces verts, Voirie","assainissement, travaux, voirie, électricité",5,https://www.boamp.fr/pages/avis/?q=idweb:26-86031,boamp,2026-09-11T20:38:43
26-85981,Marchés de travaux - Les PEIREGUINS - Phase 2 à 13 - CUERS 83390,SAGEP,83,2026-09-06,2026-10-15,TRAVAUX,"Voirie et réseaux divers, Eclairage public","réseau, réseaux, travaux, voirie",5,https://www.boamp.fr/pages/avis/?q=idweb:26-85981,boamp,2026-09-11T20:38:43
26-85899,Travaux de réparations et d'entretien courant des bâtiments - Patrimoine ancien - de la notification au 31/12/2027,Ville du Mans,72,2026-09-06,,TRAVAUX,Maçonnerie,"bâtiment, maçonnerie, travaux",4,https://www.boamp.fr/pages/avis/?q=idweb:26-85899,boamp,2026-09-11T20:38:43
26-86075,"Création, modernisation et grosses réparations du parc d'éclairage public du territoire métropolitain",Métropole Aix-Marseille-Provence,"13,83,84",2026-09-06,,TRAVAUX,Eclairage public,,0,https://www.boamp.fr/pages/avis/?q=idweb:26-86075,boamp,2026-09-11T20:38:43
26-85749,Construction de la nouvelle plateforme de services pour les Séniors à Saint-Dié-des-Vosges,Centre Hospitalier Emile Durkheim,88,2026-09-05,2026-10-29,TRAVAUX,Matériaux de construction,construction,2,https://www.boamp.fr/pages/avis/?q=idweb:26-85749,boamp,2026-09-11T20:38:43
26-85809,Réalisation du Technocentre de la Parade à Aix-en-Provence :relance du lot n°3 - Etanchéité,METROPOLE AIX MARSEILLE PROVENCE,13,2026-09-05,2026-10-05,TRAVAUX,Etanchéité,étanchéité,2,https://www.boamp.fr/pages/avis/?q=idweb:26-85809,boamp,2026-09-11T20:38:43
26-85710,Travaux de Modernisation et Développement du Dispositif de Vidéoprotection et Maintenance Associée,Ville Bourges,18,2026-09-05,2026-10-02,TRAVAUX,Télésurveillance,travaux,1,https://www.boamp.fr/pages/avis/?q=idweb:26-85710,boamp,2026-09-11T20:38:43
26-85742,RELANCE ACCORD-CADRE À BONS DE COMMANDE - TRAVAUX D'ENTRETIEN MULTI CORPS D’ÉTAT POUR LE PATRIMOINE D'AVEYRON HABITAT - LOTS PLOMBERIE.,AVEYRON HABITAT SA HLM,"12,15,30,31,34,46,48,81,82",2026-09-05,2026-10-09,TRAVAUX,Plomberie (travaux),"plomberie, travaux",3,https://www.boamp.fr/pages/avis/?q=idweb:26-85742,boamp,2026-09-11T20:38:43
26-86393,OP 1814 / OP 2233 - AMÉNAGEMENT D'UN SIVEP PROVISOIRE SUR LA GARE FLUVIALE DU PORT DE L'OUEST - CCOG TRANCHE 3,Cté de Cnes de l'Ouest Guyanais,973,2026-09-05,,TRAVAUX,Génie civil,"aménagement, génie civil",3,https://www.boamp.fr/pages/avis/?q=idweb:26-86393,boamp,2026-09-11T20:38:43
26-85714,Travaux d'aménagement du secteur 2 « Cléon Sud » dans le cadre du NPNRU des quartiers Arts Fleurs Feugrais sur la commune de Cléon (76),SPL RNAS,76,2026-09-05,2026-09-11,TRAVAUX,Voirie et réseaux divers,"aménagement, réseau, réseaux, travaux, voirie",6,https://www.boamp.fr/pages/avis/?q=idweb:26-85714,boamp,2026-09-11T20:38:43
26-85718,RELANCE APRES DECLARATION SANS SUITE DU LOT 11 MENUISERIES INTERIEURES opération TRAVAUX DE REHABILITATION DE LA CASERNE CHASSELOUP-LAUBAT - CONSERVATOIRE DE MUSIQUE ET DE DANSE COMMUNE DE LA ROCHELLE,Communauté d'Agglomération de La Rochelle,17,2026-09-05,,TRAVAUX,"Bâtiment, Menuiserie, Tous corps d'état","bâtiment, menuiserie, réhabilitation, travaux",5,https://www.boamp.fr/pages/avis/?q=idweb:26-85718,boamp,2026-09-11T20:38:43
26-85831,RN486 – Aménagement du Pont de Nogent Troisième phase de travaux : Jardin des rives,DRIEAT IF,"75,94",2026-09-05,2026-09-16,TRAVAUX,Espaces verts,"aménagement, travaux",2,https://www.boamp.fr/pages/avis/?q=idweb:26-85831,boamp,2026-09-11T20:38:43
26-85792,Travaux de construction d’un USLD de 108 lits sur le site de Bois-Guillaume,CHU ROUEN NORMANDIE,76,2026-09-05,2026-09-25,TRAVAUX,Tous corps d'état,"construction, travaux",2,https://www.boamp.fr/pages/avis/?q=idweb:26-85792,boamp,2026-09-11T20:38:43
26-85862,Réalisation de travaux sur les réseaux d'assainissement et d'eau potable,Communauté Urbaine Caen La Mer,"14,27,35,50,61,76",2026-09-05,2026-10-15,TRAVAUX,"Alimentation en eau potable, Assainissement","assainissement, réseau, réseaux, travaux",5,https://www.boamp.fr/pages/avis/?q=idweb:26-85862,boamp,2026-09-11T20:38:43
26-85849,Marché global sectoriel pour la construction d'un hangar aéronautique sur le site de l'hélistation au CHU de Lille,CHU de Lille - ES du GHT HPGL,59,2026-09-05,2026-09-14,TRAVAUX,Bâtiment,"bâtiment, construction",3,https://www.boamp.fr/pages/avis/?q=idweb:26-85849,boamp,2026-09-11T20:38:43
26-85447,ACCORD CADRE A BONS DE COMMANDE –  TRAVAUX DE MONTEE EN GAMME DANS LES LOGEMENTS A USAGE LOCATIF DU PATRIMOINE IN’LI AURA,in'li AURA,69,2026-09-04,2026-10-07,TRAVAUX,"Peinture (travaux), Plâtrerie, Menuiserie, Carrelage, Revêtements de sols, Plomberie (travaux), Electricité (travaux)","menuiserie, plomberie, travaux, électricité",5,https://www.boamp.fr/pages/avis/?q=idweb:26-85447,boamp,2026-09-11T20:38:43
26-85461,Réfection des voies d'accès et amélioration des conditions de circulation sur le terminal de Jarry (zone OPERA),Grand Port Maritime Guadeloupe,971,2026-09-04,,TRAVAUX,Voirie,"réfection, voirie",3,https://www.boamp.fr/pages/avis/?q=idweb:26-85461,boamp,2026-09-11T20:38:43
26-85549,TRAVAUX DE REAMENAGEMENT DES ATELIERS POUR LE TRANSFERT DE L’ACTIVITE CHAUSSEE ET RHEOLOGIE DU SITE DU CEREMA DE TOULOUSE,CEREMA,"31,69,32",2026-09-04,,TRAVAUX,"Electricité (travaux), Chauffage (travaux), Amiante (désamiantage), Menuiserie, Peinture (travaux)","aménagement, menuiserie, travaux, électricité",5,https://www.boamp.fr/pages/avis/?q=idweb:26-85549,boamp,2026-09-11T20:38:43
26-85966,Rehabilitation Du Square Leo Callandry -  Travaux De Ferronnerie,Mairie de Cannes,6,2026-09-04,,TRAVAUX,"Bâtiment, Ferronnerie","bâtiment, réhabilitation, travaux",4,https://www.boamp.fr/pages/avis/?q=idweb:26-85966,boamp,2026-09-11T20:38:43
26-85977,Travaux de confortement du pignon et de la façade de la Petite Chancellerie à Compiègne (relance),COMMUNE DE COMPIEGNE,"2,51,60,75,80",2026-09-04,2026-10-05,TRAVAUX,Ravalement,travaux,1,https://www.boamp.fr/pages/avis/?q=idweb:26-85977,boamp,2026-09-11T20:38:43
26-86286,Rue de la Grande Dîme - Zone Zac Saint Martin A Aire Sur La Lys,Communaute D'Agglomeration Du Pays De Saint-Omer,62,2026-09-04,,TRAVAUX,Voirie et réseaux divers,"réseau, réseaux, voirie",4,https://www.boamp.fr/pages/avis/?q=idweb:26-86286,boamp,2026-09-11T20:38:43
26-86271,La présente consultation concerne les lots travaux pour la rénovation énergétique de l'école élémentaire Marcel Pagnol à L'Horme,Mairie de l'Horme,42,2026-09-04,2026-10-02,TRAVAUX,"Bâtiment, Tous corps d'état","bâtiment, rénovation, travaux",4,https://www.boamp.fr/pages/avis/?q=idweb:26-86271,boamp,2026-09-11T20:38:43
26-86295,Relance marché : travaux d'aménagement du service de réanimation bâtiment N niveau 3 du Centre Hospitalier de Saint-Quentin,Centre hospitalier de Saint Quentin,2,2026-09-04,2026-09-28,TRAVAUX,"Menuiserie, Climatisation, Ventilation, Peinture (fourniture), Revêtements de sols, Plomberie (travaux), Cuisine (équipement), Electricité (travaux)","aménagement, bâtiment, menuiserie, plomberie, travaux, électricité",7,https://www.boamp.fr/pages/avis/?q=idweb:26-86295,boamp,2026-09-11T20:38:43
26-86129,Renouvellement du revêtement synthétique du terrain de football situé 450 avenue Charles de Gaulle à Lagnieu,Mairie de Lagnieu,1,2026-09-04,2026-09-30,TRAVAUX,"Terrain de sport, Equipement sportif, Revêtements de sols",,0,https://www.boamp.fr/pages/avis/?q=idweb:26-86129,boamp,2026-09-11T20:38:43
26-86220,Square Saint-Exupéry - Aménagement du site et construction de bâtiments modulaires,Ville de Rennes,35,2026-09-04,2026-10-07,TRAVAUX,Tous corps d'état,"aménagement, bâtiment, construction",3,https://www.boamp.fr/pages/avis/?q=idweb:26-86220,boamp,2026-09-11T20:38:43
26-86247,Travaux d'aménagement de la place de l’Académie et de ses abords à Angers,Angers Loire Metropole (49),49,2026-09-04,,TRAVAUX,"Espaces verts, Eclairage public, Voirie","aménagement, travaux, voirie",4,https://www.boamp.fr/pages/avis/?q=idweb:26-86247,boamp,2026-09-11T20:38:43
26-86378,GUYANE (973) – Rémire-Montjoly – BNDDC – Création d’une cale de mise à l’eau,DID Cayenne,"973,971,972",2026-09-04,2026-10-08,TRAVAUX,"Ouvrage d'infrastructure, Voirie et réseaux divers, Acier, Travaux dans l'eau","réseau, réseaux, travaux, voirie",5,https://www.boamp.fr/pages/avis/?q=idweb:26-86378,boamp,2026-09-11T20:38:43
26-86118,Travaux pour l'aménagement provisoire de l'école Paul Eluard,Mairie d'Evreux,27,2026-09-04,,TRAVAUX,"Electricité (travaux), Gros oeuvre, Peinture (travaux), Plomberie (travaux)","aménagement, gros œuvre, plomberie, travaux, électricité",6,https://www.boamp.fr/pages/avis/?q=idweb:26-86118,boamp,2026-09-11T20:38:43
26-86334,Opération 424 : travaux de réfection des réseaux de bouclage sur le site de St Martin de Ré,Groupe Hospitalier De La Rochelle-Re-Aunis,17,2026-09-04,2026-10-19,TRAVAUX,"Plomberie (travaux), Réseaux divers","plomberie, réfection, réseau, réseaux, travaux",6,https://www.boamp.fr/pages/avis/?q=idweb:26-86334,boamp,2026-09-11T20:38:43
26-86005,TRAVAUX DE RECONSTRUCTION PARTIELLE ET DE RENFORCEMENT DE LA BUSE METALLIQUE DU RU DU MERDEREAU SOUS LA RD 199 A CHAMPS-SUR-MARNE,"Conseil départemental de Seine et Marne
Direction des Routes",77,2026-09-04,,TRAVAUX,Ouvrage d'art,"construction, travaux",2,https://www.boamp.fr/pages/avis/?q=idweb:26-86005,boamp,2026-09-11T20:38:43
26-86034,Travaux de remplacement et de réhabilitation sur le réseau d'eaux usées du Siarp : Op 2026/02 - Rue Gambetta à Pontoise,Syndicat Intercommunautaire Pour L'Assainissement De La Region De Cergy-Pontoise Et Du Vexin - Siarp,95,2026-09-04,2026-10-09,TRAVAUX,Assainissement,"assainissement, réhabilitation, réseau, travaux",5,https://www.boamp.fr/pages/avis/?q=idweb:26-86034,boamp,2026-09-11T20:38:43
26-86291,Travaux d'installation de brises soleil extérieurs sur le bâtiment B et la passerelle de la Maison de Santé de Digne-Les-Bains,Commune De Digne-Les-Bains,4,2026-09-04,,TRAVAUX,"Electricité (travaux), Menuiserie","bâtiment, menuiserie, travaux, électricité",5,https://www.boamp.fr/pages/avis/?q=idweb:26-86291,boamp,2026-09-11T20:38:43
26-86262,Travaux de création et d'aménagement des zones de stockage,CERIB Centre d'Etudes et de Recherches de l'Industrie du Béton,28,2026-09-04,2026-10-30,TRAVAUX,"Maçonnerie, Mobilier, Mobilier urbain","aménagement, maçonnerie, travaux",4,https://www.boamp.fr/pages/avis/?q=idweb:26-86262,boamp,2026-09-11T20:38:43
26-86090,TRAVAUX DE REHABILITATION DU RESEAU DE COLLECTE DES EAUX USEES - Rue des Elies - Ville de MEDIS,COMMUNAUTÉ D'AGGLOMÉRATION ROYAN ATLANTIQUE,17,2026-09-04,2026-09-25,TRAVAUX,Assainissement,"assainissement, réhabilitation, réseau, travaux",5,https://www.boamp.fr/pages/avis/?q=idweb:26-86090,boamp,2026-09-11T20:38:43
26-86105,Travaux De Renouvellement Des équipements électromécaniques Au Forage D'Eau Potable De Latour-Bas-Elne,Communauté De Communes Sud Roussillon,66,2026-09-04,2026-10-02,TRAVAUX,"Alimentation en eau potable, Bâtiment, Electricité (travaux)","bâtiment, travaux, électricité",4,https://www.boamp.fr/pages/avis/?q=idweb:26-86105,boamp,2026-09-11T20:38:43
26-86101,"REMPLACEMENT DE GARDE-CORPS ET DES SEPARATIONS DE BALCONS, REPARATION DES BALCONS, MISE EN PEINTURE DES SUPPORTS FERREUX, REMPLACEMENT DES GRILLES PERFORÉES - 107 & 107B Faubourg Chartrain à Vendôme (",Terres de Loire Habitat,41,2026-09-04,2026-10-05,TRAVAUX,Peinture (travaux),travaux,2,https://www.boamp.fr/pages/avis/?q=idweb:26-86101,boamp,2026-09-11T20:38:43
26-86380,"Marché public de travaux de réhabilitation de la salle des Fêtes, pour la commune des Mesnuls (78)",Commune des Mesnuls,78,2026-09-04,2026-09-28,TRAVAUX,Electricité (travaux),"réhabilitation, travaux, électricité",4,https://www.boamp.fr/pages/avis/?q=idweb:26-86380,boamp,2026-09-11T20:38:43
26-86297,Travaux de démolition du cabanon Fouquet et diverses annexes – Commune de MARSEILLE (13),Conservatoire du littoral,"13,30,83,84,34",2026-09-04,2026-10-05,TRAVAUX,Démolition,"démolition, travaux",3,https://www.boamp.fr/pages/avis/?q=idweb:26-86297,boamp,2026-09-11T20:38:43
26-86337,"Le contrat porte sur les prestations suivantes : Accord-cadre de travaux sur les ouvrages d'art, murs de soutènement, carrières, cavités et fronts rocheux",Cu Grand Paris Seine & Oise,78,2026-09-04,,TRAVAUX,"Ouvrage d'art, Mur de soutènement",travaux,1,https://www.boamp.fr/pages/avis/?q=idweb:26-86337,boamp,2026-09-11T20:38:43
26-85916,Maintenance des couvertures et des étanchéités du Centre hospitalier de Soissons (n° 26.51-01-02),"CENTRE HOSPITALIER DE SOISSONS, Établissement support du GHT SAPHIR",2,2026-09-04,2026-10-13,TRAVAUX,Couverture,"couverture, étanchéité",3,https://www.boamp.fr/pages/avis/?q=idweb:26-85916,boamp,2026-09-11T20:38:43
26-85945,Maintenance et rénovation des installations d'éclairage public et des équipements divers sur le territoire de la Ville de Sablé-sur-Sarthe,Commune de Sablé-sur-Sarthe,72,2026-09-04,2026-10-16,TRAVAUX,"Eclairage public, Maintenance",rénovation,1,https://www.boamp.fr/pages/avis/?q=idweb:26-85945,boamp,2026-09-11T20:38:43
26-86128,Accord-cadre à bons de commande de travaux de branchements aux réseaux des services d'eaux potables et d'eaux usées de Saint Paul et Trois bassins.,Régie comm d'eau et d'ass. La Créole,974,2026-09-04,2026-10-05,TRAVAUX,"Travaux dans l'eau, Assainissement","assainissement, réseau, réseaux, travaux",5,https://www.boamp.fr/pages/avis/?q=idweb:26-86128,boamp,2026-09-11T20:38:43
26-85979,Création de la Maison du littoral Baie de Somme  Commune de Le Crotoy (80),CELRL 17,"80,59,62,60,17",2026-09-04,2026-10-05,TRAVAUX,"Gros oeuvre, Electricité (travaux), Terrassement","gros œuvre, terrassement, travaux, électricité",5,https://www.boamp.fr/pages/avis/?q=idweb:26-85979,boamp,2026-09-11T20:38:43
26-86058,Travaux d'urgence de confortement et de mise en sécurité du canal des Sables - Tranche 23,ASA du Canal Saint Julien,84,2026-09-04,,TRAVAUX,"Irrigation, Génie civil","génie civil, travaux",3,https://www.boamp.fr/pages/avis/?q=idweb:26-86058,boamp,2026-09-11T20:38:43
26-86059,Travaux de sécurisation des canaux de la Ceinture te de la Mouréale Tranche 10 Route de Cavaillon / Chemin de la Mouréale Commune de CAUMONT SUR DURANCE,ASA du Canal Saint Julien,84,2026-09-04,,TRAVAUX,"Génie civil, Irrigation","génie civil, travaux",3,https://www.boamp.fr/pages/avis/?q=idweb:26-86059,boamp,2026-09-11T20:38:43
26-86152,"Rénovation du bâtiment Mangue de l'EHPAD le Parc, Réfection de l'entrée PMR de l'EHPAD le Parc, Réfection des parties communes au sein de l'EHPAD le Parc",Maison de Retraite du parc,92,2026-09-04,,TRAVAUX,"Gros oeuvre, Menuiserie, Revêtements muraux, Plomberie (travaux), Electricité (travaux)","bâtiment, gros œuvre, menuiserie, plomberie, réfection, rénovation, travaux, électricité",9,https://www.boamp.fr/pages/avis/?q=idweb:26-86152,boamp,2026-09-11T20:38:43
26-85448,Travaux de confortement et de restauration de la Cathédrale Notre-Dame de l’Assomption de Montauban - LOT n°1A - Maçonnerie / pierre de taille - fondations spéciales - AO,OPPIC,"12,24,31,32,33,46,47,81,82",2026-09-04,2026-10-05,TRAVAUX,"Fondations spéciales, Maçonnerie, Monuments historiques","maçonnerie, travaux",3,https://www.boamp.fr/pages/avis/?q=idweb:26-85448,boamp,2026-09-11T20:38:43
26-85570,Travaux de réhabilitation du collecteur d'assainissement UN du Parc de Sceaux,Département des Hauts-de-Seine,92,2026-09-04,2026-10-19,TRAVAUX,Assainissement,"assainissement, réhabilitation, travaux",4,https://www.boamp.fr/pages/avis/?q=idweb:26-85570,boamp,2026-09-11T20:38:43
26-86158,Travaux de maintenance et d'entretien de Voirie Réseaux Divers (Vrd) pour des aménagements liés aux bâtiments de la ville de Saint-Etienne et St Etienne métropole,Ville de Saint Etienne,42,2026-09-04,2026-10-05,TRAVAUX,Voirie et réseaux divers,"aménagement, bâtiment, réseau, réseaux, travaux, voirie, vrd",8,https://www.boamp.fr/pages/avis/?q=idweb:26-86158,boamp,2026-09-11T20:38:43
26-86161,Fourniture et installation d'un Dégrilleur automatique et d'une station de mesure sur les rejets d'eaux usées de la Mfme,Chu de Martinique,972,2026-09-04,2026-10-09,TRAVAUX,Assainissement,assainissement,2,https://www.boamp.fr/pages/avis/?q=idweb:26-86161,boamp,2026-09-11T20:38:43
26-86231,Accord cadre à bons de commande - Travaux de réhabilitation de galeries visitables,Moulins Communauté,3,2026-09-04,2026-09-25,TRAVAUX,"Assainissement, Ouvrage d'infrastructure","assainissement, réhabilitation, travaux",4,https://www.boamp.fr/pages/avis/?q=idweb:26-86231,boamp,2026-09-11T20:38:43
26-86323,Fouille d'archéologie préventive dans le cadre des travaux d'aménagement des bords de Vienne - secteur Parbelle /Ventejol,Ville De Limoges,87,2026-09-04,2026-10-02,TRAVAUX,Fouille archéologique,"aménagement, travaux",2,https://www.boamp.fr/pages/avis/?q=idweb:26-86323,boamp,2026-09-11T20:38:43
26-86368,Réhabilitation De Logements Au Sis 36 Rue Nationale Sur La Commune D'Ollioules,Commune D'Ollioules,83,2026-09-04,2026-09-23,TRAVAUX,Bâtiment,"bâtiment, réhabilitation",3,https://www.boamp.fr/pages/avis/?q=idweb:26-86368,boamp,2026-09-11T20:38:43
26-85361,"Travaux d'aménagement, de réparation, d'entretien et de rénovation du patrimoine immobilier",Communauté Urbaine Caen La Mer,14,2026-09-04,2026-10-20,TRAVAUX,Bâtiment,"aménagement, bâtiment, rénovation, travaux",5,https://www.boamp.fr/pages/avis/?q=idweb:26-85361,boamp,2026-09-11T20:38:43
26-86082,TRAVAUX DE DISSIMULATION DES RESEAUX AERIENS ET REHABILITATION DU RESEAU D'ECLAIRAGE,SYNDICAT INTERCOMMUNAL D'ELECTRICITE DE LA REGION DE VILLENNES-SUR-SEINE (S.I.R.E),78,2026-09-04,,TRAVAUX,Electricité (travaux),"réhabilitation, réseau, réseaux, travaux, électricité",6,https://www.boamp.fr/pages/avis/?q=idweb:26-86082,boamp,2026-09-11T20:38:43
26-86097,"Aménagement d'une bretelle, carrefour giratoire Rd 23 / Rd 326 - Terrassement, Assainissement, Chaussée",Département de la Sarthe,72,2026-09-04,2026-09-28,TRAVAUX,Voirie,"aménagement, assainissement, terrassement, voirie",5,https://www.boamp.fr/pages/avis/?q=idweb:26-86097,boamp,2026-09-11T20:38:43
26-85961,Port de Granville - Construction d'une maison des plaisanciers,Spl Exploitation Portuaire de la Manche,50,2026-09-04,,TRAVAUX,Bâtiment,"bâtiment, construction",3,https://www.boamp.fr/pages/avis/?q=idweb:26-85961,boamp,2026-09-11T20:38:43
26-85887,marché de Travaux D’entretien Des Charpentes Et Couvertures De La  Maison Éclusière De Montgiscard,VNF DTSO,"31,34,11,82",2026-09-04,2026-09-29,TRAVAUX,"Charpente, Couverture","charpente, couverture, travaux",4,https://www.boamp.fr/pages/avis/?q=idweb:26-85887,boamp,2026-09-11T20:38:43
26-86049,Extension du système de videoprotection de la ville de Villeurbanne,Ville de Villeurbanne,69,2026-09-04,,TRAVAUX,"Câblage, Réseaux divers, Télésurveillance","extension, réseau, réseaux",4,https://www.boamp.fr/pages/avis/?q=idweb:26-86049,boamp,2026-09-11T20:38:43
26-85560,Accord-cadre de travaux tous corps d'état dans les bâtiments territoriaux,Vallée Sud - Grand Paris (92),92,2026-09-04,2026-09-14,TRAVAUX,Tous corps d'état,"bâtiment, travaux",2,https://www.boamp.fr/pages/avis/?q=idweb:26-85560,boamp,2026-09-11T20:38:43
26-85470,Marché de conception-réalisation pour la rénovation du site des tremplins de Courchevel,SOLIDEO ALPES 2030,"73,74,38,69",2026-09-04,2026-10-05,TRAVAUX,"Ouvrage d'infrastructure, Tous corps d'état, Prestations de services",rénovation,1,https://www.boamp.fr/pages/avis/?q=idweb:26-85470,boamp,2026-09-11T20:38:43
26-85559,Travaux de démolition sur la ZAC des Bergères et la ZAC Charcot à Puteaux,ÉTABLISSEMENT PUBLIC TERRITORIAL PARIS OUEST LA DEFENSE (POLD),92,2026-09-04,,TRAVAUX,"Terrassement, Tous corps d'état","démolition, terrassement, travaux",4,https://www.boamp.fr/pages/avis/?q=idweb:26-85559,boamp,2026-09-11T20:38:43
26-85532,Travaux Préparatoires Ligne C de métro de Toulouse PEM de Labège Gare,"Tisséo Ingénierie, agissant au nom et pour le compte de Tisséo Collectivités",31,2026-09-04,,TRAVAUX,"Démolition, Terrassement","démolition, terrassement, travaux",4,https://www.boamp.fr/pages/avis/?q=idweb:26-85532,boamp,2026-09-11T20:38:43
26-85578,Accords-cadres de travaux pour la mise en accessibilité du patrimoine du Département,Conseil départemental Meurthe et Moselle,54,2026-09-04,,TRAVAUX,"Bâtiment, Electricité (travaux), Menuiserie, Peinture (travaux), Plomberie (travaux)","bâtiment, menuiserie, plomberie, travaux, électricité",6,https://www.boamp.fr/pages/avis/?q=idweb:26-85578,boamp,2026-09-11T20:38:43
26-86046,Travaux de rénovation de l'église Saint André,4 Place De La Mairie,84,2026-09-04,,TRAVAUX,Bâtiment,"bâtiment, rénovation, travaux",4,https://www.boamp.fr/pages/avis/?q=idweb:26-86046,boamp,2026-09-11T20:38:43
26-85882,Remplacement des portes sectionnelles des garages de service et des centres de soutien automobiles des casernes de gendarmerie d’Angoulême (16) et Guéret (23),Région de gendarmerie de Nouvelle-Aquitaine,"16,17,19,23,33,86,87",2026-09-04,2026-09-25,TRAVAUX,"Porte automatique, portail",,0,https://www.boamp.fr/pages/avis/?q=idweb:26-85882,boamp,2026-09-11T20:38:43
26-85974,MENUISERIES EXTERIEURES,BRETAGNE INP,29,2026-09-04,2026-10-12,TRAVAUX,Menuiserie,menuiserie,2,https://www.boamp.fr/pages/avis/?q=idweb:26-85974,boamp,2026-09-11T20:38:43
26-85868,Travaux de requalification du plateau sportif existant de l'école Aristide Girard - Le Moule,Spl Coeur D'Energie Au Nom Et Pour Le Compte De La Commune De Moule,971,2026-09-04,,TRAVAUX,Equipement sportif,travaux,1,https://www.boamp.fr/pages/avis/?q=idweb:26-85868,boamp,2026-09-11T20:38:43
26-86253,Aménagement Plateau sportif du Bourg -Commune de DESHAIES,Commune de Deshaies,971,2026-09-04,2026-10-05,TRAVAUX,"Terrain de sport, Gros oeuvre, Charpente, Photovoltaïque","aménagement, charpente, gros œuvre",4,https://www.boamp.fr/pages/avis/?q=idweb:26-86253,boamp,2026-09-11T20:38:43
26-86257,Travaux de mise en sécurité du lycée Jean Lurçat à Lyon (69),REGION AUVERGNE RHONE ALPES,69,2026-09-04,2026-10-01,TRAVAUX,Tous corps d'état,travaux,1,https://www.boamp.fr/pages/avis/?q=idweb:26-86257,boamp,2026-09-11T20:38:43
26-86153,"Réalisation de travaux courants d'entretien, de maintenance et de petites rénovations sur les sites du Centre Henri Becquerel",CENTRE HENRI BECQUEREL,"75,76",2026-09-04,,TRAVAUX,"Peinture (travaux), Electricité (travaux)","rénovation, travaux, électricité",4,https://www.boamp.fr/pages/avis/?q=idweb:26-86153,boamp,2026-09-11T20:38:43
26-86144,"Accord cadre multi-attributaire à bons de commande pour des travaux de renouvellement, renforcement, extension des réseaux, renouvellement des branchements d'eau potable",REGIE MALOUINE DE L&#039;EAU,35,2026-09-04,2026-10-07,TRAVAUX,Alimentation en eau potable,"extension, réseau, réseaux, travaux",4,https://www.boamp.fr/pages/avis/?q=idweb:26-86144,boamp,2026-09-11T20:38:43
26-86375,21_BEAUNE LEGTA DE BEAUNE - MISE EN CONFORMITE DE L'INFRASTRUCTURE VDI,REGION BOURGOGNE-FRANCHE-COMTE,21,2026-09-04,2026-10-05,TRAVAUX,"Câblage, Informatique (prestations de services), Informatique (matériel), Réseaux divers","réseau, réseaux",3,https://www.boamp.fr/pages/avis/?q=idweb:26-86375,boamp,2026-09-11T20:38:43
26-86300,"Les travaux objet du présent marché comprennent le remplacement de la couverture (toiture) et le 
ravalement des façades de la cour secondaire d'un immeuble situé 22 rue du Général Foy à Paris 7500...",ESSET Property Management,"75,92",2026-09-04,2026-09-28,TRAVAUX,"Couverture, Peinture (travaux)","couverture, toiture, travaux",4,https://www.boamp.fr/pages/avis/?q=idweb:26-86300,boamp,2026-09-11T20:38:43
26-85367,Aménagement cyclable le long de la RD3 à Petit-Quevilly et Grand-Quevilly - Lot 1 : voirie et réseaux divers et ouvrages d'art,Metropole Rouen Normandie,76,2026-09-04,2026-09-28,TRAVAUX,Voirie,"aménagement, réseau, réseaux, voirie",5,https://www.boamp.fr/pages/avis/?q=idweb:26-85367,boamp,2026-09-11T20:38:43
26-86054,"Rd 41 - Commune d'Echourgnac
Confortement de la digue des Eymoucheres",Département de la Dordogne,24,2026-09-04,,TRAVAUX,Digue,,0,https://www.boamp.fr/pages/avis/?q=idweb:26-86054,boamp,2026-09-11T20:38:43
26-86057,Travaux de cuvelage du Canal Maître à Cheval Blanc - Tranche 9,ASA du Canal Saint Julien,84,2026-09-04,,TRAVAUX,"Irrigation, Génie civil","génie civil, travaux",3,https://www.boamp.fr/pages/avis/?q=idweb:26-86057,boamp,2026-09-11T20:38:43
26-86071,Renouvellement des réseaux d'eau potable et d'assainissement Chemin des Vergnaies - commune de LUSSANT,Eau17 (17),17,2026-09-04,2026-10-13,TRAVAUX,"Alimentation en eau potable, Canalisations, Assainissement","assainissement, réseau, réseaux",4,https://www.boamp.fr/pages/avis/?q=idweb:26-86071,boamp,2026-09-11T20:38:43
26-86114,"Travaux de mise en conformité des réseaux d'assainissement, de renouvellement du réseau d'eau potable et d'aménagements de la voirie du Chemin des Clefs à Thorigny sur Marne",Communaute D'Agglomeration De Marne Et Gondoire,77,2026-09-04,,TRAVAUX,"Assainissement, Voirie et réseaux divers","aménagement, assainissement, réseau, réseaux, travaux, voirie",7,https://www.boamp.fr/pages/avis/?q=idweb:26-86114,boamp,2026-09-11T20:38:43
26-86077,Travaux de réhabilitation de la salle des fêtes de la mare de la Commune de Sainte-Marie,Commune de Sainte-Marie de la Réunion,974,2026-09-04,2026-09-24,TRAVAUX,"Electricité (travaux), Gros oeuvre, Couverture, Charpente, Plomberie (travaux), Climatisation, Nettoyage de locaux, Menuiserie","charpente, couverture, gros œuvre, menuiserie, plomberie, réhabilitation, travaux, électricité",9,https://www.boamp.fr/pages/avis/?q=idweb:26-86077,boamp,2026-09-11T20:38:43
26-85951,Rénovation et extension du Centre d'Incendie et de Secours de Ponte Leccia sur la commune de Morosaglia,Sis 2b,20B,2026-09-04,2026-10-05,TRAVAUX,"Gros oeuvre, Electricité (travaux), Menuiserie, Plomberie (travaux), Peinture (travaux)","extension, gros œuvre, menuiserie, plomberie, rénovation, travaux, électricité",8,https://www.boamp.fr/pages/avis/?q=idweb:26-85951,boamp,2026-09-11T20:38:43
26-85972,"Réhabilitation du réseau AEP du Syndicat, Phase 2 - Création du 
réservoir et, création du réseau d'adduction et distribution, Bouclage 
et interconnexion",Syndicat A la Carte du Prieure,25,2026-09-04,,TRAVAUX,"Réservoir, Réseaux divers, Alimentation en eau potable","réhabilitation, réseau, réseaux",4,https://www.boamp.fr/pages/avis/?q=idweb:26-85972,boamp,2026-09-11T20:38:43
26-86135,Restructuration du bâtiment abritant l'établissement Epidor à Castelnaud-La-Chapelle,Département de la Dordogne,24,2026-09-04,,TRAVAUX,"Menuiserie, Electricité (travaux), Plomberie (travaux), Peinture (travaux)","bâtiment, menuiserie, plomberie, travaux, électricité",6,https://www.boamp.fr/pages/avis/?q=idweb:26-86135,boamp,2026-09-11T20:38:43
26-86126,17 - La Rochelle - Travaux complémentaires de sécurité incendie pour la cathédrale,DRAC Nouvelle-Aquitaine,17,2026-09-04,2026-10-02,TRAVAUX,Sécurité incendie,travaux,1,https://www.boamp.fr/pages/avis/?q=idweb:26-86126,boamp,2026-09-11T20:38:43
26-86121,Désimperméabilisation & végétalisation de la cour des collèges Clos Chassaing à Périgueux et Trois Vallées à Vergt,Département de la Dordogne,24,2026-09-04,,TRAVAUX,Espaces verts,,0,https://www.boamp.fr/pages/avis/?q=idweb:26-86121,boamp,2026-09-11T20:38:43
26-86099,Travaux de réhabilitation du système d'assainissement collectif du bourg de Felletin - Tranche 3,Commune de Felletin,23,2026-09-04,2026-10-09,TRAVAUX,"Station d'épuration (travaux), Canalisations, Assainissement","assainissement, réhabilitation, travaux",4,https://www.boamp.fr/pages/avis/?q=idweb:26-86099,boamp,2026-09-11T20:38:43
26-86103,RD83 : Sécurisation de la traversée - commune d'Epégard,Département de l'Eure,27,2026-09-04,2026-10-06,TRAVAUX,Voirie,voirie,2,https://www.boamp.fr/pages/avis/?q=idweb:26-86103,boamp,2026-09-11T20:38:43
26-86116,TRAVAUX DE DISSIMULATION DES RESEAUX AERIENS ET REHABILITATION DU RESEAU D'ECLAIRAGE,SI D'ELECTRICITE DE LA REGION DE VILLENNES,78,2026-09-04,2026-10-16,TRAVAUX,Electricité (travaux),"réhabilitation, réseau, réseaux, travaux, électricité",6,https://www.boamp.fr/pages/avis/?q=idweb:26-86116,boamp,2026-09-11T20:38:43
26-85888,Travaux de construction d'un réservoir d'eau potable et restructuration des réseaux - Phase 2 : Réseaux - Commune de Bons-en-Chablais,Thonon Agglomeration,74,2026-09-04,,TRAVAUX,"Génie civil, Voirie et réseaux divers, Station de pompage","construction, génie civil, réseau, réseaux, travaux, voirie",7,https://www.boamp.fr/pages/avis/?q=idweb:26-85888,boamp,2026-09-11T20:38:43
26-85911,RESTAURATION DES VASIERES INTERTIDALES DU GOLFE DU MORBIHAN PAR LE RETRAIT DE STRUCTURES OSTREICOLES DANS LE CADRE DU LIFE ESPÈCES MARINES MOBILES,Office français de la biodiversité,"56,94,75",2026-09-04,,TRAVAUX,"Déchetterie (travaux), Travaux dans l'eau",travaux,2,https://www.boamp.fr/pages/avis/?q=idweb:26-85911,boamp,2026-09-11T20:38:43
26-86130,Travaux de réaménagement des sanitaires de l’entresol et du 1er étage de la Préfecture de l’Isère 12 place de Verdun 38000 GRENOBLE,SGCD de l'Isère,38,2026-09-04,2026-09-25,TRAVAUX,"Plomberie (travaux), Electricité (travaux), Gros oeuvre, Amiante (désamiantage), Menuiserie, Plâtrerie, Carrelage","aménagement, gros œuvre, menuiserie, plomberie, travaux, électricité",7,https://www.boamp.fr/pages/avis/?q=idweb:26-86130,boamp,2026-09-11T20:38:43
26-86151,Ght_TRV_2026-073_MAPA_Restructuration Partielle Du Service D'Imagerie_Gier,CHU SAINT ETIENNE,42,2026-09-04,,TRAVAUX,"Chauffage (travaux), Electricité (travaux), Plomberie (travaux)","plomberie, travaux, électricité",4,https://www.boamp.fr/pages/avis/?q=idweb:26-86151,boamp,2026-09-11T20:38:43
26-85869,Travaux De Rechargement En Galets Du Littoral Bel Air De St Louis,Civis,974,2026-09-04,2026-09-29,TRAVAUX,Enrochements,travaux,1,https://www.boamp.fr/pages/avis/?q=idweb:26-85869,boamp,2026-09-11T20:38:43
26-86198,"Désamiantage, déconstruction et démolition de 2 ilots sinistrés (11-23 rue de la gare – 3 rue de la gare, 3 rue neuve, 2 place du pont) à TENAY (01230)",EPF DE L&#039;AIN,1,2026-09-04,2026-09-29,TRAVAUX,"Amiante (désamiantage), Démolition","construction, démolition",3,https://www.boamp.fr/pages/avis/?q=idweb:26-86198,boamp,2026-09-11T20:38:43
26-86314,Réaménagement et restructuration du Parc des Expositions Safire,PONTIVY COMMUNAUTE,56,2026-09-04,,TRAVAUX,Bâtiment,"aménagement, bâtiment",3,https://www.boamp.fr/pages/avis/?q=idweb:26-86314,boamp,2026-09-11T20:38:43
26-86185,Reconstruction de l'école Freinet Ange Guépin à Nantes,VILLE DE NANTES,44,2026-09-04,2026-10-16,TRAVAUX,"Bardage, Menuiserie, Clôture, Cloison, faux plafond, Ascenseur","construction, menuiserie",3,https://www.boamp.fr/pages/avis/?q=idweb:26-86185,boamp,2026-09-11T20:38:43
26-86284,Déconstruction par voie nautique d'ouvrages vétustes sur 9 sites,Grand port fluvio maritime de l'axe Seine - Direction territoriale de Rouen,"76,27,14,60,80",2026-09-04,,TRAVAUX,Démolition,"construction, démolition",3,https://www.boamp.fr/pages/avis/?q=idweb:26-86284,boamp,2026-09-11T20:38:43
26-86384,RÉHABILITATION ET EXTENSION DE LA BASE DE CANOË-KAYAK « YVES DOLMARE » À LAURICISQUE,Cap Excellence (971),971,2026-09-04,,TRAVAUX,Equipement sportif,"extension, réhabilitation",2,https://www.boamp.fr/pages/avis/?q=idweb:26-86384,boamp,2026-09-11T20:38:43
26-85561,Construction d'un bâtiment de 185 lits,EPD de Grugny,76,2026-09-04,2026-10-19,TRAVAUX,Matériaux de construction,"bâtiment, construction",3,https://www.boamp.fr/pages/avis/?q=idweb:26-85561,boamp,2026-09-11T20:38:43
26-85432,2026M0003a Travaux relatifs à la construction du futur collège de Levens lot1,CG des Alpes-Maritimes - Direction de la Construction et du Patrimoine (06),6,2026-09-04,,TRAVAUX,Terrassement,"construction, terrassement, travaux",4,https://www.boamp.fr/pages/avis/?q=idweb:26-85432,boamp,2026-09-11T20:38:43
26-85955,Travaux de viabilisation (voiries et réseaux divers pour un groupe scolaire et une crèche Quartier Croix d'Argent) jumelés avec la gestion hydraulique et paysagère,Ville De Montpellier,34,2026-09-04,,TRAVAUX,Voirie et réseaux divers,"réseau, réseaux, travaux, voirie",5,https://www.boamp.fr/pages/avis/?q=idweb:26-85955,boamp,2026-09-11T20:38:43
26-85921,CREATION D'UN PREAU ET AMENAGEMENTS ANNEXES GROUPE SCOLAIRE JULES FERRY A NEVERS,Ville de Nevers,58,2026-09-04,2026-10-02,TRAVAUX,"Charpente, Photovoltaïque","aménagement, charpente",3,https://www.boamp.fr/pages/avis/?q=idweb:26-85921,boamp,2026-09-11T20:38:43
26-85936,Remplacement Et Amelioration Du Systeme De Securite Incendie Du Centre Jeunesse Pierre Beregovoy,Ville de Roanne,42,2026-09-04,2026-10-07,TRAVAUX,Sécurité incendie,,0,https://www.boamp.fr/pages/avis/?q=idweb:26-85936,boamp,2026-09-11T20:38:43
26-85948,Travaux de rénovation et d'aménagement au musée de la préhistoire des gorges du Verdon à Quinson,Département des Alpes de Haute Provence,4,2026-09-04,2026-10-13,TRAVAUX,"Chauffage (exploitation, entretien), Electricité (travaux)","aménagement, rénovation, travaux, électricité",5,https://www.boamp.fr/pages/avis/?q=idweb:26-85948,boamp,2026-09-11T20:38:43
26-86018,TRAVAUX DE DISSIMULATION DES RESEAUX AERIENS ET REHABILITATION DU RESEAU D'ECLAIRAGE,SYNDICAT INTERCOMMUNAL D'ELECTRICITE DE LA REGION DE VILLENNES-SUR-SEINE (S.I.R.E),78,2026-09-04,2026-10-16,TRAVAUX,Electricité (travaux),"réhabilitation, réseau, réseaux, travaux, électricité",6,https://www.boamp.fr/pages/avis/?q=idweb:26-86018,boamp,2026-09-11T20:38:43
26-86025,Travaux d'infrastructures et de voie ferrée - Doublement Ligne 3 - 12m422/623,Tam - Transports de l'agglomération de Montpellier,34,2026-09-04,2026-10-05,TRAVAUX,Transport,travaux,1,https://www.boamp.fr/pages/avis/?q=idweb:26-86025,boamp,2026-09-11T20:38:43
26-85876,MAPA. Travaux d'amélioration foncière pour la mise en oeuvre des projets retenus par le syndicat mixte ILEVA au titre de sa compensation collective agricole (Lots 09 à 14),SMTD Sud et Ouest de la Réunion,974,2026-09-04,,TRAVAUX,"Travaux de viabilité, Terrassement","terrassement, travaux",3,https://www.boamp.fr/pages/avis/?q=idweb:26-85876,boamp,2026-09-11T20:38:43
26-86154,26DX095 Travaux d'aménagement de recoupements coupe-feu et d’entretien des chéneaux de la Cathédrale de Dax (40100),Ville de Dax,40,2026-09-04,,TRAVAUX,"Couverture, Maçonnerie, Menuiserie, Peinture (travaux)","aménagement, couverture, maçonnerie, menuiserie, travaux",6,https://www.boamp.fr/pages/avis/?q=idweb:26-86154,boamp,2026-09-11T20:38:43
26-86322,"Rd535 Affaissement lieu-dit ""la Terrasse"" - Lot N°1 - Création d'une déviation locale provisoire",Département de la Haute-Loire,43,2026-09-04,2026-10-08,TRAVAUX,"Assainissement, Terrassement, Voirie et réseaux divers","assainissement, réseau, réseaux, terrassement, voirie",6,https://www.boamp.fr/pages/avis/?q=idweb:26-86322,boamp,2026-09-11T20:38:43
26-86330,Travaux de réfection d'une toiture à La Motte D'Aigues (84240),Etablissement public foncier Paca,"13,84",2026-09-04,2026-10-12,TRAVAUX,Couverture,"couverture, réfection, toiture, travaux",5,https://www.boamp.fr/pages/avis/?q=idweb:26-86330,boamp,2026-09-11T20:38:43
26-86180,Travaux de renforcement de la sûreté du site de la CPAM de Foix,CPAM de l'Ariège,9,2026-09-04,2026-10-16,TRAVAUX,"Electricité (travaux), Menuiserie","menuiserie, travaux, électricité",4,https://www.boamp.fr/pages/avis/?q=idweb:26-86180,boamp,2026-09-11T20:38:43
26-86191,Renouvellement de canalisation eau potable - secteur Bezombes - MONSEMPRON-LIBOS,Syndicat des Eaux de la Lémance,47,2026-09-04,2026-10-01,TRAVAUX,"Alimentation en eau potable, Canalisations",,0,https://www.boamp.fr/pages/avis/?q=idweb:26-86191,boamp,2026-09-11T20:38:43
26-86277,Remplacement cheminement bois extérieur,Département de l'Ardèche,7,2026-09-04,2026-09-21,TRAVAUX,Bois,,0,https://www.boamp.fr/pages/avis/?q=idweb:26-86277,boamp,2026-09-11T20:38:43
26-86045,"Rénovation des toitures, gymnase, Cdi et cuisine du lycée Paul Heraud à Gap (05)",Région Provence-Alpes-Côte d'Azur,5,2026-09-04,,TRAVAUX,"Etanchéité, Chauffage (travaux), Ventilation, Climatisation","rénovation, toiture, travaux, étanchéité",5,https://www.boamp.fr/pages/avis/?q=idweb:26-86045,boamp,2026-09-11T20:38:43
26-85456,"Finalisation des travaux du casier sud-est, la création des bassins de gestion des eaux pluviales et de gestion des lixiviats de l’ISDND de la Gabarre",SYVADE de la Guadeloupe (971),971,2026-09-04,2026-09-04,TRAVAUX,"Terrassement, Assainissement, Décharge","assainissement, terrassement, travaux",4,https://www.boamp.fr/pages/avis/?q=idweb:26-85456,boamp,2026-09-11T20:38:43
26-85440,ACCORD-CADRE A BONS DE COMMANDE RELATIF AU DEPLOIEMENT ET A LA MAINTENANCE DU DISPOSITIF DE VIDEOPROTECTION SUR L'ESPACE PUBLIC DE LA VILLE DE DIEPPE DANS LE CADRE DU RENFORCEMENT DE LA SECURITE URBAI,Ville de Dieppe,76,2026-09-04,,TRAVAUX,"Informatique (maintenance serveurs et réseaux), Maintenance, Surveillance","réseau, réseaux",3,https://www.boamp.fr/pages/avis/?q=idweb:26-85440,boamp,2026-09-11T20:38:43
26-86083,MARCHÉ DE TRAVAUX POUR LE REMPLACEMENTS DES MENUISERIES EXTERIEURES DU SITE DE LA DSDEN 45 À ORLEANS,RECTORAT ORLEANS TOURS,45,2026-09-04,2026-10-07,TRAVAUX,Menuiserie,"menuiserie, travaux",3,https://www.boamp.fr/pages/avis/?q=idweb:26-86083,boamp,2026-09-11T20:38:43
26-86093,Finalisation de l'aménagement du Pôle d'échanges multimodal de Voreppe,Mairie De Voreppe,38,2026-09-04,2026-09-28,TRAVAUX,Voirie,"aménagement, voirie",3,https://www.boamp.fr/pages/avis/?q=idweb:26-86093,boamp,2026-09-11T20:38:43
26-86104,Remplacement de revêtement de sol et mural,Hôpital de Proximité de Le Vigan,"30,34",2026-09-04,2026-10-23,TRAVAUX,"Revêtements de sols, Revêtements muraux",,0,https://www.boamp.fr/pages/avis/?q=idweb:26-86104,boamp,2026-09-11T20:38:43
26-86241,Travaux de renouvellement des membranes d'ultrafiltration et la réhabilitation intérieure de la bâche de neutralisation à la station d'eau potable de Nazareth - Commune de Nérac,SYNDICAT EAU47,47,2026-09-04,2026-09-30,TRAVAUX,"Travaux dans l'eau, Alimentation en eau potable","réhabilitation, travaux",3,https://www.boamp.fr/pages/avis/?q=idweb:26-86241,boamp,2026-09-11T20:38:43
26-86015,Travaux de réfection des toitures de la Faculté des Métiers de Bruz - lots 2 à 4,CCI 35,35,2026-09-04,2026-09-30,TRAVAUX,"Etanchéité, Electricité (travaux), Chauffage (travaux), Serrurerie","réfection, toiture, travaux, électricité, étanchéité",6,https://www.boamp.fr/pages/avis/?q=idweb:26-86015,boamp,2026-09-11T20:38:43
26-86276,Déploiement d'un système de vidéoprotection,Grand Annecy,74,2026-09-04,2026-10-12,TRAVAUX,Télésurveillance,,0,https://www.boamp.fr/pages/avis/?q=idweb:26-86276,boamp,2026-09-11T20:38:43
26-86328,"Marché de Travaux en conception / réalisation pour la sécurisation du puits Mon Désir Sud - 550 Rue Victor Hugo, 59690 Vieux-Condé",Bureau de Recherche en Géologie Minière (Brgm),59,2026-09-04,2026-10-09,TRAVAUX,Bâtiment,"bâtiment, travaux",3,https://www.boamp.fr/pages/avis/?q=idweb:26-86328,boamp,2026-09-11T20:38:43
26-86305,Travaux de déploiement des réseaux secondaires du bâtîment du Conseil constitutionnel suite à son raccordement au réseau Fraîcheur de Paris,Conseil constitutionnel,75,2026-09-04,2026-10-05,TRAVAUX,"Climatisation, Chauffage (travaux)","bâtiment, réseau, réseaux, travaux",5,https://www.boamp.fr/pages/avis/?q=idweb:26-86305,boamp,2026-09-11T20:38:43
26-85365,Construction du musée de Saint-Gilles,La SAT,30,2026-09-04,2026-09-28,TRAVAUX,Gros oeuvre,"construction, gros œuvre",3,https://www.boamp.fr/pages/avis/?q=idweb:26-85365,boamp,2026-09-11T20:38:43
26-85626,SUPPRESSION DE DISCONTINUITÉS - CRÉATION D'UNE PASSERELLE SUR L'AGLY À RIVESALTES,CONSEIL DEPARTEMENTAL DES PYRENEES-ORIENTALES,66,2026-09-04,,TRAVAUX,"Ouvrage d'art, Passerelle",,0,https://www.boamp.fr/pages/avis/?q=idweb:26-85626,boamp,2026-09-11T20:38:43
26-85579,Travaux de Mise en conformité du système d'assainissement - Commune de VIGNOLS,Communauté d'agglomération du bassin de Brive,19,2026-09-04,,TRAVAUX,Station d'épuration (travaux),"assainissement, travaux",3,https://www.boamp.fr/pages/avis/?q=idweb:26-85579,boamp,2026-09-11T20:38:43
26-85537,"Travaux sur réseaux publics de distribution d'électricité, éclairage public, communications électroniques et gaz",Syndicat Départemental d'Electricité et de Gaz de la Charente (SDEG 16),16,2026-09-04,,TRAVAUX,"Eclairage public, Electricité (travaux), Voirie et réseaux divers","réseau, réseaux, travaux, voirie, électricité",6,https://www.boamp.fr/pages/avis/?q=idweb:26-85537,boamp,2026-09-11T20:38:43
26-85583,VR-DCCP-253090 : ACCORD CADRE A BONS DE COMMANDE MULTI-ATTRIBUTAIRES TRAVAUX TOUS CORPS D'ETAT POUR LES BATIMENTS DE LA VLLE DE ROMANS-SUR-ISERE,Ville de Romans sur Isère,26,2026-09-04,,TRAVAUX,Bâtiment,"bâtiment, travaux",3,https://www.boamp.fr/pages/avis/?q=idweb:26-85583,boamp,2026-09-11T20:38:43
26-85621,TRAVAUX DE RÉNOVATION ÉNERGETIQUE ET EXTENSION DE L'ÉCOLE HAUT MACHÉ,Ville de Chambéry,73,2026-09-04,,TRAVAUX,Bâtiment,"bâtiment, extension, rénovation, travaux",5,https://www.boamp.fr/pages/avis/?q=idweb:26-85621,boamp,2026-09-11T20:38:43
